gtin,barcodeType,productCategoryCode,productCategoryName,rawProductName,productNameKo,productNameEn,otherProductName,itemName,modelName,productNumber,companyInfo,importType,normalizedProductName,brandName,brandOwnerName,manufacturerName,categoryName,categoryCode,originInfo,specInfo,unitLabel,packageInfo,packageQuantity,netWeight,grossWeight,widthCm,depthCm,heightCm,taxType,productShape,packageMaterial,recycleLabel,isAdultProduct,isChildProduct,storageNotice,marketingText,ingredientText,sourceThumbnailUrl,sourceType,rawPayload,isActive
8801047305064,EAN13,,일배 > 냉장분식 > 냉장만두,동원)F&B개성왕만두,동원)F&B개성왕만두,,,동원)F&B개성왕만두,,,동원(냉장),,동원)F&B개성왕만두,동원,,동원(냉장),일배 > 냉장분식 > 냉장만두,,,630g,,,0,,,,,,,,,,0,0,,,,,CSV,"{""80"":1,""상품명"":""동원)F&B개성왕만두"",""규격"":""630g"",""바코드"":""8801047305064"",""공급사"":""동원(냉장)"",""매입가"":5184,""판매가"":6500,""특매그룹속성"":""일반그룹"",""특매매입가"":4780,""특매판매가"":5980,""이익율"":20.25,""적립률"":0,""수수료"":0,""재고"":1,""재고액"":5184,""최소재고"":0,""일매출량"":0,""박스입수"":0,""ABC"":"" D"",""대"":""일배"",""중"":""냉장분식"",""소"":""냉장만두"",""용량"":"""",""단위가격"":"""",""매입가변경일시"":""2025-03-26 15:52"",""판매가변경일시"":""2025-03-26 15:52"",""최근매입일시"":""2025-10-01 17:54"",""최근실사일시"":"""",""등록일시"":""2024-09-04 13:27"",""수정일시"":""2025-10-01 17:58"",""상품설명"":"""",""원산지"":"""",""매대"":0}",1
8801047305125,EAN13,,일배 > 냉장분식 > 냉장만두,동원)개성김치왕만두,동원)개성김치왕만두,,,동원)개성김치왕만두,,,동원(냉장),,동원)개성김치왕만두,동원,,동원(냉장),일배 > 냉장분식 > 냉장만두,,,630g,,,0,,,,,,,,,,0,0,,,,,CSV,"{""80"":2,""상품명"":""동원)개성김치왕만두"",""규격"":""630g"",""바코드"":""8801047305125"",""공급사"":""동원(냉장)"",""매입가"":4780,""판매가"":5980,""특매그룹속성"":"""",""특매매입가"":0,""특매판매가"":0,""이익율"":20.07,""적립률"":0,""수수료"":0,""재고"":1,""재고액"":4780,""최소재고"":0,""일매출량"":0,""박스입수"":0,""ABC"":"" D"",""대"":""일배"",""중"":""냉장분식"",""소"":""냉장만두"",""용량"":"""",""단위가격"":"""",""매입가변경일시"":""2025-10-01 18:16"",""판매가변경일시"":""2025-10-01 18:16"",""최근매입일시"":""2025-10-01 17:54"",""최근실사일시"":"""",""등록일시"":""2022-02-19 16:54"",""수정일시"":""2025-10-01 18:17"",""상품설명"":"""",""원산지"":"""",""매대"":0}",1
8801047305347,EAN13,,일배 > 즉석식 > 기타,동원)개성왕만두,동원)개성왕만두,,,동원)개성왕만두,,,동원(냉장),,동원)개성왕만두,동원,,동원(냉장),일배 > 즉석식 > 기타,,,350g*2,,,0,,,,,,,,,,0,0,,,,,CSV,"{""80"":3,""상품명"":""동원)개성왕만두"",""규격"":""350g*2"",""바코드"":""8801047305347"",""공급사"":""동원(냉장)"",""매입가"":5584,""판매가"":7200,""특매그룹속성"":"""",""특매매입가"":0,""특매판매가"":0,""이익율"":22.44,""적립률"":0,""수수료"":0,""재고"":0,""재고액"":0,""최소재고"":0,""일매출량"":0,""박스입수"":0,""ABC"":"" Z"",""대"":""일배"",""중"":""즉석식"",""소"":""기타"",""용량"":"""",""단위가격"":"""",""매입가변경일시"":""2024-06-11 10:18"",""판매가변경일시"":""2024-06-11 10:18"",""최근매입일시"":""2024-12-09 14:00"",""최근실사일시"":"""",""등록일시"":""2024-06-11 10:12"",""수정일시"":""2024-12-09 14:05"",""상품설명"":"""",""원산지"":"""",""매대"":0}",1
8801047307082,EAN13,,일배 > 즉석식 > 기타,개성물만두 300g*2,개성물만두 300g*2,,,개성물만두 300g*2,,,동원(냉장),,개성물만두 300g*2,동원,,동원(냉장),일배 > 즉석식 > 기타,,,,,,0,,,,,,,,,,0,0,,,,,CSV,"{""80"":4,""상품명"":""개성물만두 300g*2"",""규격"":"""",""바코드"":""8801047307082"",""공급사"":""동원(냉장)"",""매입가"":5584,""판매가"":7200,""특매그룹속성"":"""",""특매매입가"":0,""특매판매가"":0,""이익율"":22.44,""적립률"":0,""수수료"":0,""재고"":0,""재고액"":0,""최소재고"":0,""일매출량"":0,""박스입수"":0,""ABC"":"" Z"",""대"":""일배"",""중"":""즉석식"",""소"":""기타"",""용량"":"""",""단위가격"":"""",""매입가변경일시"":""2024-06-11 10:18"",""판매가변경일시"":""2024-06-11 10:18"",""최근매입일시"":""2024-09-04 13:16"",""최근실사일시"":"""",""등록일시"":""2024-06-11 10:12"",""수정일시"":""2024-07-11 20:42"",""상품설명"":"""",""원산지"":"""",""매대"":0}",1
8801047308836,EAN13,,일배 > 냉동 > 만두,동원)개성왕교자,동원)개성왕교자,,,동원)개성왕교자,,,동원(냉장),,동원)개성왕교자,동원,,동원(냉장),일배 > 냉동 > 만두,,,608g,,,0,,,,,,,,,,0,0,,,,,CSV,"{""80"":5,""상품명"":""동원)개성왕교자"",""규격"":""608g"",""바코드"":""8801047308836"",""공급사"":""동원(냉장)"",""매입가"":4000,""판매가"":4980,""특매그룹속성"":"""",""특매매입가"":0,""특매판매가"":0,""이익율"":19.68,""적립률"":0,""수수료"":0,""재고"":4,""재고액"":16000,""최소재고"":0,""일매출량"":0,""박스입수"":0,""ABC"":"" D"",""대"":""일배"",""중"":""냉동"",""소"":""만두"",""용량"":"""",""단위가격"":"""",""매입가변경일시"":"""",""판매가변경일시"":"""",""최근매입일시"":""2025-10-01 17:54"",""최근실사일시"":"""",""등록일시"":""2025-10-01 18:18"",""수정일시"":"""",""상품설명"":"""",""원산지"":"""",""매대"":0}",1
8801047309024,EAN13,,일배 > 냉동 > 만두,동원)개성교자만두고기,동원)개성교자만두고기,,,동원)개성교자만두고기,,,동원(냉장),,동원)개성교자만두고기,동원,,동원(냉장),일배 > 냉동 > 만두,,,600g,,,0,,,,,,,,,,0,0,,,,,CSV,"{""80"":6,""상품명"":""동원)개성교자만두고기"",""규격"":""600g"",""바코드"":""8801047309024"",""공급사"":""동원(냉장)"",""매입가"":2784,""판매가"":3600,""특매그룹속성"":"""",""특매매입가"":0,""특매판매가"":0,""이익율"":22.67,""적립률"":0,""수수료"":0,""재고"":0,""재고액"":0,""최소재고"":0,""일매출량"":0,""박스입수"":0,""ABC"":"" D"",""대"":""일배"",""중"":""냉동"",""소"":""만두"",""용량"":"""",""단위가격"":"""",""매입가변경일시"":""2024-06-11 10:18"",""판매가변경일시"":""2024-06-11 10:18"",""최근매입일시"":""2025-03-26 15:51"",""최근실사일시"":""2024-06-08 09:10"",""등록일시"":""2023-08-23 16:18"",""수정일시"":""2025-01-16 13:00"",""상품설명"":"""",""원산지"":"""",""매대"":0}",1
8801047309086,EAN13,,일배 > 냉동 > 만두,동원)개성교자만두김치,동원)개성교자만두김치,,,동원)개성교자만두김치,,,동원(냉장),,동원)개성교자만두김치,동원,,동원(냉장),일배 > 냉동 > 만두,,,600g,,,0,,,,,,,,,,0,0,,,,,CSV,"{""80"":7,""상품명"":""동원)개성교자만두김치"",""규격"":""600g"",""바코드"":""8801047309086"",""공급사"":""동원(냉장)"",""매입가"":2784,""판매가"":3600,""특매그룹속성"":"""",""특매매입가"":0,""특매판매가"":0,""이익율"":22.67,""적립률"":0,""수수료"":0,""재고"":0,""재고액"":0,""최소재고"":0,""일매출량"":0,""박스입수"":0,""ABC"":"" D"",""대"":""일배"",""중"":""냉동"",""소"":""만두"",""용량"":"""",""단위가격"":"""",""매입가변경일시"":""2024-06-11 10:18"",""판매가변경일시"":""2024-06-11 10:18"",""최근매입일시"":""2025-03-26 15:51"",""최근실사일시"":"""",""등록일시"":""2022-02-19 16:54"",""수정일시"":""2025-03-25 09:23"",""상품설명"":"""",""원산지"":"""",""매대"":0}",1
8801047309383,EAN13,,일배 > 냉동 > 만두,동원/개성:왕교자만두 315g+315g,동원/개성:왕교자만두 315g+315g,,,동원/개성:왕교자만두 315g+315g,,,동원(냉장),,동원/개성:왕교자만두 315g+315g,동원,,동원(냉장),일배 > 냉동 > 만두,,,,,,0,,,,,,,,,,0,0,,,,,CSV,"{""80"":8,""상품명"":""동원/개성:왕교자만두 315g+315g"",""규격"":"""",""바코드"":""8801047309383"",""공급사"":""동원(냉장)"",""매입가"":5184,""판매가"":6650,""특매그룹속성"":"""",""특매매입가"":0,""특매판매가"":0,""이익율"":22.05,""적립률"":0,""수수료"":0,""재고"":0,""재고액"":0,""최소재고"":0,""일매출량"":0,""박스입수"":0,""ABC"":"" Z"",""대"":""일배"",""중"":""냉동"",""소"":""만두"",""용량"":"""",""단위가격"":"""",""매입가변경일시"":""2024-06-11 10:18"",""판매가변경일시"":""2024-06-11 10:18"",""최근매입일시"":""2024-09-04 13:16"",""최근실사일시"":"""",""등록일시"":""2024-06-11 10:12"",""수정일시"":""2024-07-11 20:43"",""상품설명"":"""",""원산지"":"""",""매대"":0}",1
8801047309512,EAN13,,일배 > 냉동 > 만두,동원)개성김치왕교자,동원)개성김치왕교자,,,동원)개성김치왕교자,,,동원(냉장),,동원)개성김치왕교자,동원,,동원(냉장),일배 > 냉동 > 만두,,,608g,,,0,,,,,,,,,,0,0,,,,,CSV,"{""80"":9,""상품명"":""동원)개성김치왕교자"",""규격"":""608g"",""바코드"":""8801047309512"",""공급사"":""동원(냉장)"",""매입가"":4000,""판매가"":4980,""특매그룹속성"":"""",""특매매입가"":0,""특매판매가"":0,""이익율"":19.68,""적립률"":0,""수수료"":0,""재고"":5,""재고액"":20000,""최소재고"":0,""일매출량"":0,""박스입수"":0,""ABC"":"" D"",""대"":""일배"",""중"":""냉동"",""소"":""만두"",""용량"":"""",""단위가격"":"""",""매입가변경일시"":"""",""판매가변경일시"":"""",""최근매입일시"":""2025-10-01 17:54"",""최근실사일시"":"""",""등록일시"":""2025-10-01 18:17"",""수정일시"":"""",""상품설명"":"""",""원산지"":"""",""매대"":0}",1
8801047316190,EAN13,,일배 > 즉석식 > 기타,동원/양반통살고기완자,동원/양반통살고기완자,,,동원/양반통살고기완자,,,동원(냉장),,동원/양반통살고기완자,동원,,동원(냉장),일배 > 즉석식 > 기타,,,425g*2번들,,,0,,,,,,,,,,0,0,,,,,CSV,"{""80"":10,""상품명"":""동원/양반통살고기완자"",""규격"":""425g*2번들"",""바코드"":""8801047316190"",""공급사"":""동원(냉장)"",""매입가"":7984,""판매가"":10250,""특매그룹속성"":"""",""특매매입가"":0,""특매판매가"":0,""이익율"":22.11,""적립률"":0,""수수료"":0,""재고"":0,""재고액"":0,""최소재고"":0,""일매출량"":0,""박스입수"":0,""ABC"":"" Z"",""대"":""일배"",""중"":""즉석식"",""소"":""기타"",""용량"":"""",""단위가격"":"""",""매입가변경일시"":""2024-06-11 10:18"",""판매가변경일시"":""2024-06-11 10:18"",""최근매입일시"":""2024-09-04 13:16"",""최근실사일시"":"""",""등록일시"":""2024-06-11 10:12"",""수정일시"":""2024-06-11 10:19"",""상품설명"":"""",""원산지"":"""",""매대"":0}",1
8801047316220,EAN13,,일배 > 즉석식 > 기타,동원)양반해물버섯완자,동원)양반해물버섯완자,,,동원)양반해물버섯완자,,,동원(냉장),,동원)양반해물버섯완자,동원,,동원(냉장),일배 > 즉석식 > 기타,,,425G*2,,,0,,,,,,,,,,0,0,,,,,CSV,"{""80"":11,""상품명"":""동원)양반해물버섯완자"",""규격"":""425G*2"",""바코드"":""8801047316220"",""공급사"":""동원(냉장)"",""매입가"":7984,""판매가"":10250,""특매그룹속성"":"""",""특매매입가"":0,""특매판매가"":0,""이익율"":22.11,""적립률"":0,""수수료"":0,""재고"":0,""재고액"":0,""최소재고"":0,""일매출량"":0,""박스입수"":0,""ABC"":"" Z"",""대"":""일배"",""중"":""즉석식"",""소"":""기타"",""용량"":"""",""단위가격"":"""",""매입가변경일시"":""2024-06-11 10:18"",""판매가변경일시"":""2024-06-11 10:18"",""최근매입일시"":""2024-09-04 13:16"",""최근실사일시"":"""",""등록일시"":""2024-06-11 10:12"",""수정일시"":""2024-06-11 10:19"",""상품설명"":"""",""원산지"":"""",""매대"":0}",1
8801047317272,EAN13,,일배 > 즉석식 > 기타,동원]딤섬새우하가우,동원]딤섬새우하가우,,,동원]딤섬새우하가우,,,동원(냉장),,동원]딤섬새우하가우,동원,,동원(냉장),일배 > 즉석식 > 기타,,,420g,420g,,0,,,,,,,,,,0,0,,,,,CSV,"{""80"":12,""상품명"":""동원]딤섬새우하가우"",""규격"":""420g"",""바코드"":""8801047317272"",""공급사"":""동원(냉장)"",""매입가"":5184,""판매가"":6650,""특매그룹속성"":"""",""특매매입가"":0,""특매판매가"":0,""이익율"":22.05,""적립률"":0,""수수료"":0,""재고"":0,""재고액"":0,""최소재고"":0,""일매출량"":0,""박스입수"":0,""ABC"":"" Z"",""대"":""일배"",""중"":""즉석식"",""소"":""기타"",""용량"":""420g"",""단위가격"":""100g당 1583원"",""매입가변경일시"":""2024-06-11 10:18"",""판매가변경일시"":""2024-06-11 10:18"",""최근매입일시"":""2024-09-04 13:16"",""최근실사일시"":"""",""등록일시"":""2024-06-11 10:12"",""수정일시"":""2024-06-11 10:19"",""상품설명"":"""",""원산지"":"""",""매대"":0}",1
8801047317289,EAN13,,일배 > 즉석식 > 기타,딤섬부추창펀,딤섬부추창펀,,,딤섬부추창펀,,,동원(냉장),,딤섬부추창펀,동원,,동원(냉장),일배 > 즉석식 > 기타,,,550g,550g,,0,,,,,,,,,,0,0,,,,,CSV,"{""80"":13,""상품명"":""딤섬부추창펀"",""규격"":""550g"",""바코드"":""8801047317289"",""공급사"":""동원(냉장)"",""매입가"":5184,""판매가"":6650,""특매그룹속성"":"""",""특매매입가"":0,""특매판매가"":0,""이익율"":22.05,""적립률"":0,""수수료"":0,""재고"":0,""재고액"":0,""최소재고"":0,""일매출량"":0,""박스입수"":0,""ABC"":"" Z"",""대"":""일배"",""중"":""즉석식"",""소"":""기타"",""용량"":""550g"",""단위가격"":""100g당 1209원"",""매입가변경일시"":""2024-06-11 10:18"",""판매가변경일시"":""2024-06-11 10:18"",""최근매입일시"":""2024-09-04 13:16"",""최근실사일시"":"""",""등록일시"":""2024-06-11 10:12"",""수정일시"":""2024-06-11 10:19"",""상품설명"":"""",""원산지"":"""",""매대"":0}",1
8801047317296,EAN13,,일배 > 즉석식 > 기타,딤섬샤오롱바오,딤섬샤오롱바오,,,딤섬샤오롱바오,,,동원(냉장),,딤섬샤오롱바오,동원,,동원(냉장),일배 > 즉석식 > 기타,,,510g,510g,,0,,,,,,,,,,0,0,,,,,CSV,"{""80"":14,""상품명"":""딤섬샤오롱바오"",""규격"":""510g"",""바코드"":""8801047317296"",""공급사"":""동원(냉장)"",""매입가"":5184,""판매가"":6650,""특매그룹속성"":"""",""특매매입가"":0,""특매판매가"":0,""이익율"":22.05,""적립률"":0,""수수료"":0,""재고"":0,""재고액"":0,""최소재고"":0,""일매출량"":0,""박스입수"":0,""ABC"":"" Z"",""대"":""일배"",""중"":""즉석식"",""소"":""기타"",""용량"":""510g"",""단위가격"":""100g당 1304원"",""매입가변경일시"":""2024-06-11 10:18"",""판매가변경일시"":""2024-06-11 10:18"",""최근매입일시"":""2025-05-22 12:22"",""최근실사일시"":"""",""등록일시"":""2024-06-11 10:12"",""수정일시"":""2024-06-11 10:19"",""상품설명"":"""",""원산지"":"""",""매대"":0}",1
8801047321477,EAN13,,일배 > 즉석식 > 기타,동원)미니돈까스,동원)미니돈까스,,,동원)미니돈까스,,,동원(냉장),,동원)미니돈까스,동원,,동원(냉장),일배 > 즉석식 > 기타,,,400g,,,0,,,,,,,,,,0,0,,,,,CSV,"{""80"":15,""상품명"":""동원)미니돈까스"",""규격"":""400g"",""바코드"":""8801047321477"",""공급사"":""동원(냉장)"",""매입가"":3184,""판매가"":4000,""특매그룹속성"":"""",""특매매입가"":0,""특매판매가"":0,""이익율"":20.4,""적립률"":0,""수수료"":0,""재고"":0,""재고액"":0,""최소재고"":0,""일매출량"":0,""박스입수"":0,""ABC"":"" Z"",""대"":""일배"",""중"":""즉석식"",""소"":""기타"",""용량"":"""",""단위가격"":"""",""매입가변경일시"":""2025-04-17 14:45"",""판매가변경일시"":""2025-04-17 14:45"",""최근매입일시"":""2025-04-17 14:43"",""최근실사일시"":"""",""등록일시"":""2024-06-11 10:12"",""수정일시"":""2025-04-17 14:45"",""상품설명"":"""",""원산지"":"""",""매대"":0}",1
8801047330318,EAN13,,일배 > 즉석식 > 기타,동원)인싸이드크리스피크런치순살치킨,동원)인싸이드크리스피크런치순살치킨,,,동원)인싸이드크리스피크런치순살치킨,,,동원(냉장),,동원)인싸이드크리스피크런치순살치킨,동원,,동원(냉장),일배 > 즉석식 > 기타,,,370g,370g,,0,,,,,,,,,,0,0,,,,,CSV,"{""80"":16,""상품명"":""동원)인싸이드크리스피크런치순살치킨"",""규격"":""370g"",""바코드"":""8801047330318"",""공급사"":""동원(냉장)"",""매입가"":5984,""판매가"":7700,""특매그룹속성"":"""",""특매매입가"":0,""특매판매가"":0,""이익율"":22.29,""적립률"":0,""수수료"":0,""재고"":0,""재고액"":0,""최소재고"":0,""일매출량"":0,""박스입수"":0,""ABC"":"" Z"",""대"":""일배"",""중"":""즉석식"",""소"":""기타"",""용량"":""370g"",""단위가격"":""100g당 2081원"",""매입가변경일시"":""2024-06-11 10:18"",""판매가변경일시"":""2024-06-11 10:18"",""최근매입일시"":""2024-11-25 16:57"",""최근실사일시"":"""",""등록일시"":""2024-06-11 10:12"",""수정일시"":""2024-06-11 10:19"",""상품설명"":"""",""원산지"":"""",""매대"":0}",1
8801047330325,EAN13,,일배 > 즉석식 > 기타,동원)인싸이드크리스피크런치치킨봉,동원)인싸이드크리스피크런치치킨봉,,,동원)인싸이드크리스피크런치치킨봉,,,동원(냉장),,동원)인싸이드크리스피크런치치킨봉,동원,,동원(냉장),일배 > 즉석식 > 기타,,,310g,310g,,0,,,,,,,,,,0,0,,,,,CSV,"{""80"":17,""상품명"":""동원)인싸이드크리스피크런치치킨봉"",""규격"":""310g"",""바코드"":""8801047330325"",""공급사"":""동원(냉장)"",""매입가"":5984,""판매가"":7700,""특매그룹속성"":"""",""특매매입가"":0,""특매판매가"":0,""이익율"":22.29,""적립률"":0,""수수료"":0,""재고"":0,""재고액"":0,""최소재고"":0,""일매출량"":0,""박스입수"":0,""ABC"":"" Z"",""대"":""일배"",""중"":""즉석식"",""소"":""기타"",""용량"":""310g"",""단위가격"":""100g당 2484원"",""매입가변경일시"":""2024-06-11 10:18"",""판매가변경일시"":""2024-06-11 10:18"",""최근매입일시"":""2025-01-06 15:48"",""최근실사일시"":"""",""등록일시"":""2024-06-11 10:12"",""수정일시"":""2024-06-11 10:19"",""상품설명"":"""",""원산지"":"""",""매대"":0}",1
8801047350019,EAN13,,일배 > 냉동 > 육가공,동원)프리미엄돈까스,동원)프리미엄돈까스,,,동원)프리미엄돈까스,,,동원(냉장),,동원)프리미엄돈까스,동원,,동원(냉장),일배 > 냉동 > 육가공,,,840g,,,0,,,,,,,,,,0,0,,,,,CSV,"{""80"":18,""상품명"":""동원)프리미엄돈까스"",""규격"":""840g"",""바코드"":""8801047350019"",""공급사"":""동원(냉장)"",""매입가"":4784,""판매가"":6000,""특매그룹속성"":"""",""특매매입가"":0,""특매판매가"":0,""이익율"":20.27,""적립률"":0,""수수료"":0,""재고"":0,""재고액"":0,""최소재고"":0,""일매출량"":0,""박스입수"":0,""ABC"":"" D"",""대"":""일배"",""중"":""냉동"",""소"":""육가공"",""용량"":"""",""단위가격"":"""",""매입가변경일시"":""2025-04-17 14:46"",""판매가변경일시"":""2025-04-17 14:46"",""최근매입일시"":""2025-10-19 17:15"",""최근실사일시"":"""",""등록일시"":""2022-01-07 11:55"",""수정일시"":""2025-04-17 14:46"",""상품설명"":"""",""원산지"":"""",""매대"":0}",1
8801047351924,EAN13,,일배 > 냉동 > 기타,동원)퀴진크리스피핫도그,동원)퀴진크리스피핫도그,,,동원)퀴진크리스피핫도그,,,동원(냉장),,동원)퀴진크리스피핫도그,동원,,동원(냉장),일배 > 냉동 > 기타,,,480g,480g,,0,,,,,,,,,,0,0,,,,,CSV,"{""80"":19,""상품명"":""동원)퀴진크리스피핫도그"",""규격"":""480g"",""바코드"":""8801047351924"",""공급사"":""동원(냉장)"",""매입가"":5984,""판매가"":7700,""특매그룹속성"":"""",""특매매입가"":0,""특매판매가"":0,""이익율"":22.29,""적립률"":0,""수수료"":0,""재고"":0,""재고액"":0,""최소재고"":0,""일매출량"":0,""박스입수"":0,""ABC"":"" D"",""대"":""일배"",""중"":""냉동"",""소"":""기타"",""용량"":""480g"",""단위가격"":""100g당 1604원"",""매입가변경일시"":""2024-06-11 10:18"",""판매가변경일시"":""2024-06-11 10:18"",""최근매입일시"":""2025-10-01 17:54"",""최근실사일시"":"""",""등록일시"":""2023-03-01 16:18"",""수정일시"":""2024-06-11 10:19"",""상품설명"":"""",""원산지"":"""",""매대"":0}",1
8801047351931,EAN13,,일배 > 냉동 > 기타,동원/퀴진치즈크리스피핫도그,동원/퀴진치즈크리스피핫도그,,,동원/퀴진치즈크리스피핫도그,,,동원(냉장),,동원/퀴진치즈크리스피핫도그,동원,,동원(냉장),일배 > 냉동 > 기타,,,400g,400g,,0,,,,,,,,,,0,0,,,,,CSV,"{""80"":20,""상품명"":""동원/퀴진치즈크리스피핫도그"",""규격"":""400g"",""바코드"":""8801047351931"",""공급사"":""동원(냉장)"",""매입가"":5984,""판매가"":7700,""특매그룹속성"":"""",""특매매입가"":0,""특매판매가"":0,""이익율"":22.29,""적립률"":0,""수수료"":0,""재고"":0,""재고액"":0,""최소재고"":0,""일매출량"":0,""박스입수"":0,""ABC"":"" D"",""대"":""일배"",""중"":""냉동"",""소"":""기타"",""용량"":""400g"",""단위가격"":""100g당 1925원"",""매입가변경일시"":""2024-06-11 10:18"",""판매가변경일시"":""2024-06-11 10:18"",""최근매입일시"":""2024-09-04 13:16"",""최근실사일시"":"""",""등록일시"":""2023-03-01 16:19"",""수정일시"":""2024-06-11 10:19"",""상품설명"":"""",""원산지"":"""",""매대"":0}",1
8801047352037,EAN13,,일배 > 냉장분식 > 냉장분식,동원)케이준양념감자,동원)케이준양념감자,,,동원)케이준양념감자,,,동원(냉장),,동원)케이준양념감자,동원,,동원(냉장),일배 > 냉장분식 > 냉장분식,,,800g,,,0,,,,,,,,,,0,0,,,,,CSV,"{""80"":21,""상품명"":""동원)케이준양념감자"",""규격"":""800g"",""바코드"":""8801047352037"",""공급사"":""동원(냉장)"",""매입가"":7850,""판매가"":10100,""특매그룹속성"":"""",""특매매입가"":0,""특매판매가"":0,""이익율"":22.28,""적립률"":0,""수수료"":0,""재고"":5,""재고액"":39250,""최소재고"":0,""일매출량"":0,""박스입수"":0,""ABC"":"" D"",""대"":""일배"",""중"":""냉장분식"",""소"":""냉장분식"",""용량"":"""",""단위가격"":"""",""매입가변경일시"":""2024-06-11 10:18"",""판매가변경일시"":""2024-06-11 10:18"",""최근매입일시"":""2025-10-01 17:54"",""최근실사일시"":""2024-06-08 09:10"",""등록일시"":""2022-01-07 11:55"",""수정일시"":""2024-12-11 13:25"",""상품설명"":"""",""원산지"":"""",""매대"":0}",1
8801047352204,EAN13,,일배 > 즉석식 > 기타,퀴진크리스피돈까스,퀴진크리스피돈까스,,,퀴진크리스피돈까스,,,동원(냉장),,퀴진크리스피돈까스,동원,,동원(냉장),일배 > 즉석식 > 기타,,,480g,,,0,,,,,,,,,,0,0,,,,,CSV,"{""80"":22,""상품명"":""퀴진크리스피돈까스"",""규격"":""480g"",""바코드"":""8801047352204"",""공급사"":""동원(냉장)"",""매입가"":7584,""판매가"":9750,""특매그룹속성"":"""",""특매매입가"":0,""특매판매가"":0,""이익율"":22.22,""적립률"":0,""수수료"":0,""재고"":0,""재고액"":0,""최소재고"":0,""일매출량"":0,""박스입수"":0,""ABC"":"" Z"",""대"":""일배"",""중"":""즉석식"",""소"":""기타"",""용량"":"""",""단위가격"":"""",""매입가변경일시"":""2024-06-11 10:18"",""판매가변경일시"":""2024-06-11 10:18"",""최근매입일시"":""2024-09-04 13:16"",""최근실사일시"":"""",""등록일시"":""2024-06-11 10:12"",""수정일시"":""2024-06-11 10:19"",""상품설명"":"""",""원산지"":"""",""매대"":0}",1
8801047352211,EAN13,,일배 > 냉동 > 육가공,동원)퀴진크리스피돈까스모짜렐라,동원)퀴진크리스피돈까스모짜렐라,,,동원)퀴진크리스피돈까스모짜렐라,,,동원(냉장),,동원)퀴진크리스피돈까스모짜렐라,동원,,동원(냉장),일배 > 냉동 > 육가공,,,450g,,,0,,,,,,,,,,0,0,,,,,CSV,"{""80"":23,""상품명"":""동원)퀴진크리스피돈까스모짜렐라"",""규격"":""450g"",""바코드"":""8801047352211"",""공급사"":""동원(냉장)"",""매입가"":7584,""판매가"":9750,""특매그룹속성"":"""",""특매매입가"":0,""특매판매가"":0,""이익율"":22.22,""적립률"":0,""수수료"":0,""재고"":0,""재고액"":0,""최소재고"":0,""일매출량"":0,""박스입수"":0,""ABC"":"" D"",""대"":""일배"",""중"":""냉동"",""소"":""육가공"",""용량"":"""",""단위가격"":"""",""매입가변경일시"":""2024-06-11 10:18"",""판매가변경일시"":""2024-06-11 10:18"",""최근매입일시"":""2024-09-04 13:16"",""최근실사일시"":"""",""등록일시"":""2022-01-07 11:55"",""수정일시"":""2024-06-11 16:48"",""상품설명"":"""",""원산지"":"""",""매대"":0}",1
8801047383369,EAN13,,일배 > 냉동 > 기타,동원)동그랑땡,동원)동그랑땡,,,동원)동그랑땡,,,동원(냉장),,동원)동그랑땡,동원,,동원(냉장),일배 > 냉동 > 기타,,,710g,,,0,,,,,,,,,,0,0,,,,,CSV,"{""80"":24,""상품명"":""동원)동그랑땡"",""규격"":""710g"",""바코드"":""8801047383369"",""공급사"":""동원(냉장)"",""매입가"":4784,""판매가"":6100,""특매그룹속성"":""일반그룹"",""특매매입가"":3970,""특매판매가"":4980,""이익율"":21.57,""적립률"":0,""수수료"":0,""재고"":8,""재고액"":38272,""최소재고"":0,""일매출량"":0,""박스입수"":0,""ABC"":"" D"",""대"":""일배"",""중"":""냉동"",""소"":""기타"",""용량"":"""",""단위가격"":"""",""매입가변경일시"":""2025-03-26 15:51"",""판매가변경일시"":""2025-03-26 15:51"",""최근매입일시"":""2025-10-01 17:54"",""최근실사일시"":""2024-06-08 09:10"",""등록일시"":""2024-01-18 12:37"",""수정일시"":""2025-10-01 18:18"",""상품설명"":"""",""원산지"":"""",""매대"":0}",1
8801047384199,EAN13,,일배 > 즉석식 > 기타,양반두툼떡갈비,양반두툼떡갈비,,,양반두툼떡갈비,,,동원(냉장),,양반두툼떡갈비,동원,,동원(냉장),일배 > 즉석식 > 기타,,,480g,,,0,,,,,,,,,,0,0,,,,,CSV,"{""80"":25,""상품명"":""양반두툼떡갈비"",""규격"":""480g"",""바코드"":""8801047384199"",""공급사"":""동원(냉장)"",""매입가"":7184,""판매가"":9250,""특매그룹속성"":"""",""특매매입가"":0,""특매판매가"":0,""이익율"":22.34,""적립률"":0,""수수료"":0,""재고"":0,""재고액"":0,""최소재고"":0,""일매출량"":0,""박스입수"":0,""ABC"":"" Z"",""대"":""일배"",""중"":""즉석식"",""소"":""기타"",""용량"":"""",""단위가격"":"""",""매입가변경일시"":""2024-06-11 10:18"",""판매가변경일시"":""2024-06-11 10:18"",""최근매입일시"":""2024-09-04 13:16"",""최근실사일시"":"""",""등록일시"":""2024-06-11 10:12"",""수정일시"":""2024-06-11 10:19"",""상품설명"":"""",""원산지"":"""",""매대"":0}",1
8801047384205,EAN13,,일배 > 즉석식 > 기타,동원)양반송정식한입떡갈비,동원)양반송정식한입떡갈비,,,동원)양반송정식한입떡갈비,,,동원(냉장),,동원)양반송정식한입떡갈비,동원,,동원(냉장),일배 > 즉석식 > 기타,,,500g,500g,,0,,,,,,,,,,0,0,,,,,CSV,"{""80"":26,""상품명"":""동원)양반송정식한입떡갈비"",""규격"":""500g"",""바코드"":""8801047384205"",""공급사"":""동원(냉장)"",""매입가"":5984,""판매가"":7700,""특매그룹속성"":"""",""특매매입가"":0,""특매판매가"":0,""이익율"":22.29,""적립률"":0,""수수료"":0,""재고"":0,""재고액"":0,""최소재고"":0,""일매출량"":0,""박스입수"":0,""ABC"":"" Z"",""대"":""일배"",""중"":""즉석식"",""소"":""기타"",""용량"":""500g"",""단위가격"":""100g당 1540원"",""매입가변경일시"":""2024-06-11 10:18"",""판매가변경일시"":""2024-06-11 10:18"",""최근매입일시"":""2024-09-04 13:16"",""최근실사일시"":"""",""등록일시"":""2024-06-11 10:12"",""수정일시"":""2024-06-11 10:19"",""상품설명"":"""",""원산지"":"""",""매대"":0}",1
8801047386483,EAN13,,일배 > 즉석식 > 기타,동원)해물모듬완자,동원)해물모듬완자,,,동원)해물모듬완자,,,동원(냉장),,동원)해물모듬완자,동원,,동원(냉장),일배 > 즉석식 > 기타,,,560g,,,0,,,,,,,,,,0,0,,,,,CSV,"{""80"":27,""상품명"":""동원)해물모듬완자"",""규격"":""560g"",""바코드"":""8801047386483"",""공급사"":""동원(냉장)"",""매입가"":4784,""판매가"":6150,""특매그룹속성"":"""",""특매매입가"":0,""특매판매가"":0,""이익율"":22.21,""적립률"":0,""수수료"":0,""재고"":1,""재고액"":4784,""최소재고"":0,""일매출량"":0,""박스입수"":0,""ABC"":"" Z"",""대"":""일배"",""중"":""즉석식"",""소"":""기타"",""용량"":"""",""단위가격"":"""",""매입가변경일시"":"""",""판매가변경일시"":""2024-06-11 10:18"",""최근매입일시"":""2025-03-26 15:51"",""최근실사일시"":"""",""등록일시"":""2024-06-11 10:12"",""수정일시"":""2024-06-11 10:19"",""상품설명"":"""",""원산지"":"""",""매대"":0}",1
8801047390893,EAN13,,일배 > 냉동 > 만두,개성잡채만두,개성잡채만두,,,개성잡채만두,,,동원(냉장),,개성잡채만두,동원,,동원(냉장),일배 > 냉동 > 만두,,,300g*3,,,0,,,,,,,,,,0,0,,,,,CSV,"{""80"":28,""상품명"":""개성잡채만두"",""규격"":""300g*3"",""바코드"":""8801047390893"",""공급사"":""동원(냉장)"",""매입가"":5184,""판매가"":6650,""특매그룹속성"":"""",""특매매입가"":0,""특매판매가"":0,""이익율"":22.05,""적립률"":0,""수수료"":0,""재고"":0,""재고액"":0,""최소재고"":0,""일매출량"":0,""박스입수"":0,""ABC"":"" D"",""대"":""일배"",""중"":""냉동"",""소"":""만두"",""용량"":"""",""단위가격"":"""",""매입가변경일시"":""2024-06-11 10:18"",""판매가변경일시"":""2024-06-11 10:18"",""최근매입일시"":""2024-09-04 13:16"",""최근실사일시"":"""",""등록일시"":""2022-01-07 11:55"",""수정일시"":""2024-06-11 16:47"",""상품설명"":"""",""원산지"":"""",""매대"":0}",1
8801047511588,EAN13,,일배 > 냉장분식 > 냉장분식,동원)더킹오리지널,동원)더킹오리지널,,,동원)더킹오리지널,,,동원(냉장),,동원)더킹오리지널,동원,,동원(냉장),일배 > 냉장분식 > 냉장분식,,,70g,,,0,,,,,,,,,,0,0,,,,,CSV,"{""80"":29,""상품명"":""동원)더킹오리지널"",""규격"":""70g"",""바코드"":""8801047511588"",""공급사"":""동원(냉장)"",""매입가"":850,""판매가"":1000,""특매그룹속성"":"""",""특매매입가"":0,""특매판매가"":0,""이익율"":15,""적립률"":0,""수수료"":0,""재고"":-5,""재고액"":-4250,""최소재고"":0,""일매출량"":0,""박스입수"":0,""ABC"":"" Z"",""대"":""일배"",""중"":""냉장분식"",""소"":""냉장분식"",""용량"":"""",""단위가격"":"""",""매입가변경일시"":""2024-06-11 10:48"",""판매가변경일시"":""2025-09-10 17:55"",""최근매입일시"":""2025-11-10 17:07"",""최근실사일시"":"""",""등록일시"":""2024-06-11 10:35"",""수정일시"":""2025-09-10 17:55"",""상품설명"":"""",""원산지"":"""",""매대"":0}",1
8801047511595,EAN13,,일배 > 냉장분식 > 냉장분식,동원)더킹랍스터맛,동원)더킹랍스터맛,,,동원)더킹랍스터맛,,,동원(냉장),,동원)더킹랍스터맛,동원,,동원(냉장),일배 > 냉장분식 > 냉장분식,,,70g,,,0,,,,,,,,,,0,0,,,,,CSV,"{""80"":30,""상품명"":""동원)더킹랍스터맛"",""규격"":""70g"",""바코드"":""8801047511595"",""공급사"":""동원(냉장)"",""매입가"":850,""판매가"":1000,""특매그룹속성"":"""",""특매매입가"":0,""특매판매가"":0,""이익율"":15,""적립률"":0,""수수료"":0,""재고"":17,""재고액"":14450,""최소재고"":0,""일매출량"":0,""박스입수"":0,""ABC"":"" Z"",""대"":""일배"",""중"":""냉장분식"",""소"":""냉장분식"",""용량"":"""",""단위가격"":"""",""매입가변경일시"":""2024-06-11 10:48"",""판매가변경일시"":""2025-09-10 17:55"",""최근매입일시"":""2025-11-10 17:07"",""최근실사일시"":"""",""등록일시"":""2024-06-11 10:35"",""수정일시"":""2025-09-10 17:55"",""상품설명"":"""",""원산지"":"""",""매대"":0}",1
8801047512035,EAN13,,일배 > 냉장분식 > 냉장분식,동원)알래스카크랩스,동원)알래스카크랩스,,,동원)알래스카크랩스,,,동원(냉장),,동원)알래스카크랩스,동원,,동원(냉장),일배 > 냉장분식 > 냉장분식,,,144+72g,,,0,,,,,,,,,,0,0,,,,,CSV,"{""80"":31,""상품명"":""동원)알래스카크랩스"",""규격"":""144+72g"",""바코드"":""8801047512035"",""공급사"":""동원(냉장)"",""매입가"":3184,""판매가"":3900,""특매그룹속성"":"""",""특매매입가"":0,""특매판매가"":0,""이익율"":18.36,""적립률"":0,""수수료"":0,""재고"":0,""재고액"":0,""최소재고"":0,""일매출량"":0,""박스입수"":0,""ABC"":"" D"",""대"":""일배"",""중"":""냉장분식"",""소"":""냉장분식"",""용량"":"""",""단위가격"":"""",""매입가변경일시"":""2025-03-22 16:36"",""판매가변경일시"":""2025-03-22 16:36"",""최근매입일시"":""2025-04-17 14:43"",""최근실사일시"":"""",""등록일시"":""2023-02-28 13:51"",""수정일시"":""2025-03-22 16:36"",""상품설명"":"""",""원산지"":"""",""매대"":0}",1
8801047513001,EAN13,,일배 > 냉장분식 > 냉장분식,동원)김밥에딱엄선랍스틱,동원)김밥에딱엄선랍스틱,,,동원)김밥에딱엄선랍스틱,,,동원(냉장),,동원)김밥에딱엄선랍스틱,동원,,동원(냉장),일배 > 냉장분식 > 냉장분식,,,140g*2,,,0,,,,,,,,,,0,0,,,,,CSV,"{""80"":32,""상품명"":""동원)김밥에딱엄선랍스틱"",""규격"":""140g*2"",""바코드"":""8801047513001"",""공급사"":""동원(냉장)"",""매입가"":3184,""판매가"":3900,""특매그룹속성"":"""",""특매매입가"":0,""특매판매가"":0,""이익율"":18.36,""적립률"":0,""수수료"":0,""재고"":0,""재고액"":0,""최소재고"":0,""일매출량"":0,""박스입수"":0,""ABC"":"" D"",""대"":""일배"",""중"":""냉장분식"",""소"":""냉장분식"",""용량"":"""",""단위가격"":"""",""매입가변경일시"":""2025-03-22 16:37"",""판매가변경일시"":""2025-03-22 16:37"",""최근매입일시"":""2025-04-17 14:43"",""최근실사일시"":"""",""등록일시"":""2022-01-07 11:55"",""수정일시"":""2025-03-22 16:37"",""상품설명"":"""",""원산지"":"""",""매대"":0}",1
8801047513148,EAN13,,일배 > 어묵/맛살 > 맛살,동원)싱싱맛살,동원)싱싱맛살,,,동원)싱싱맛살,,,동원(냉장),,동원)싱싱맛살,동원,,동원(냉장),일배 > 어묵/맛살 > 맛살,,,150g,,,0,,,,,,,,,,0,0,,,,,CSV,"{""80"":33,""상품명"":""동원)싱싱맛살"",""규격"":""150g"",""바코드"":""8801047513148"",""공급사"":""동원(냉장)"",""매입가"":1100,""판매가"":1300,""특매그룹속성"":"""",""특매매입가"":0,""특매판매가"":0,""이익율"":15.38,""적립률"":0,""수수료"":0,""재고"":0,""재고액"":0,""최소재고"":0,""일매출량"":0,""박스입수"":0,""ABC"":"" D"",""대"":""일배"",""중"":""어묵/맛살"",""소"":""맛살"",""용량"":"""",""단위가격"":"""",""매입가변경일시"":""2024-08-06 13:07"",""판매가변경일시"":""2024-08-06 13:07"",""최근매입일시"":""2025-04-23 16:01"",""최근실사일시"":"""",""등록일시"":""2022-01-07 11:55"",""수정일시"":""2025-03-22 16:36"",""상품설명"":"""",""원산지"":"""",""매대"":0}",1
8801047513292,EAN13,,일배 > 어묵/맛살 > 맛살,동원)싱싱맛살실속,동원)싱싱맛살실속,,,동원)싱싱맛살실속,,,동원(냉장),,동원)싱싱맛살실속,동원,,동원(냉장),일배 > 어묵/맛살 > 맛살,,,500g,,,0,,,,,,,,,,0,0,,,,,CSV,"{""80"":34,""상품명"":""동원)싱싱맛살실속"",""규격"":""500g"",""바코드"":""8801047513292"",""공급사"":""동원(냉장)"",""매입가"":2500,""판매가"":3680,""특매그룹속성"":"""",""특매매입가"":0,""특매판매가"":0,""이익율"":32.07,""적립률"":0,""수수료"":0,""재고"":5,""재고액"":12500,""최소재고"":0,""일매출량"":0,""박스입수"":0,""ABC"":"" D"",""대"":""일배"",""중"":""어묵/맛살"",""소"":""맛살"",""용량"":"""",""단위가격"":"""",""매입가변경일시"":""2025-10-01 18:19"",""판매가변경일시"":""2026-02-15 16:40"",""최근매입일시"":""2026-02-15 16:40"",""최근실사일시"":"""",""등록일시"":""2022-01-07 11:55"",""수정일시"":""2026-02-15 16:40"",""상품설명"":"""",""원산지"":"""",""매대"":0}",1
8801047521006,EAN13,,일배 > 냉장분식 > 냉장분식,동원)어단백피쉬프로틴바두부,동원)어단백피쉬프로틴바두부,,,동원)어단백피쉬프로틴바두부,,,동원(냉장),,동원)어단백피쉬프로틴바두부,동원,,동원(냉장),일배 > 냉장분식 > 냉장분식,,,70g,,,0,,,,,,,,,,0,0,,,,,CSV,"{""80"":35,""상품명"":""동원)어단백피쉬프로틴바두부"",""규격"":""70g"",""바코드"":""8801047521006"",""공급사"":""동원(냉장)"",""매입가"":2500,""판매가"":3100,""특매그룹속성"":""우선그룹"",""특매매입가"":1584,""특매판매가"":1980,""이익율"":19.35,""적립률"":0,""수수료"":0,""재고"":-5,""재고액"":-12500,""최소재고"":0,""일매출량"":0,""박스입수"":0,""ABC"":"" D"",""대"":""일배"",""중"":""냉장분식"",""소"":""냉장분식"",""용량"":"""",""단위가격"":"""",""매입가변경일시"":"""",""판매가변경일시"":"""",""최근매입일시"":""2025-07-09 16:49"",""최근실사일시"":"""",""등록일시"":""2025-04-10 17:30"",""수정일시"":""2025-05-22 12:24"",""상품설명"":"""",""원산지"":"""",""매대"":0}",1
8801047521013,EAN13,,일배 > 냉장분식 > 냉장분식,동원)어단백피쉬프로틴바닭가슴살,동원)어단백피쉬프로틴바닭가슴살,,,동원)어단백피쉬프로틴바닭가슴살,,,동원(냉장),,동원)어단백피쉬프로틴바닭가슴살,동원,,동원(냉장),일배 > 냉장분식 > 냉장분식,,,70g,,,0,,,,,,,,,,0,0,,,,,CSV,"{""80"":36,""상품명"":""동원)어단백피쉬프로틴바닭가슴살"",""규격"":""70g"",""바코드"":""8801047521013"",""공급사"":""동원(냉장)"",""매입가"":2500,""판매가"":3100,""특매그룹속성"":""우선그룹"",""특매매입가"":1584,""특매판매가"":1980,""이익율"":19.35,""적립률"":0,""수수료"":0,""재고"":5,""재고액"":12500,""최소재고"":0,""일매출량"":0,""박스입수"":0,""ABC"":"" D"",""대"":""일배"",""중"":""냉장분식"",""소"":""냉장분식"",""용량"":"""",""단위가격"":"""",""매입가변경일시"":"""",""판매가변경일시"":"""",""최근매입일시"":""2025-06-25 16:45"",""최근실사일시"":"""",""등록일시"":""2025-04-10 17:31"",""수정일시"":""2025-05-22 12:25"",""상품설명"":"""",""원산지"":"""",""매대"":0}",1
8801047529026,EAN13,,일배 > 어묵/맛살 > 어묵,동원)바른국탕용,동원)바른국탕용,,,동원)바른국탕용,,,동원(냉장),,동원)바른국탕용,동원,,동원(냉장),일배 > 어묵/맛살 > 어묵,,,245g,245g,,0,,,,,,,,,,0,0,,,,,CSV,"{""80"":37,""상품명"":""동원)바른국탕용"",""규격"":""245g"",""바코드"":""8801047529026"",""공급사"":""동원(냉장)"",""매입가"":2384,""판매가"":2850,""특매그룹속성"":"""",""특매매입가"":0,""특매판매가"":0,""이익율"":16.35,""적립률"":0,""수수료"":0,""재고"":2,""재고액"":4768,""최소재고"":0,""일매출량"":0,""박스입수"":0,""ABC"":"" D"",""대"":""일배"",""중"":""어묵/맛살"",""소"":""어묵"",""용량"":""245g"",""단위가격"":""100g당 1163원"",""매입가변경일시"":""2024-07-19 16:40"",""판매가변경일시"":""2024-07-19 16:40"",""최근매입일시"":""2024-07-31 19:14"",""최근실사일시"":"""",""등록일시"":""2023-02-28 13:40"",""수정일시"":""2024-07-19 16:40"",""상품설명"":"""",""원산지"":"""",""매대"":0}",1
8801047529033,EAN13,,일배 > 어묵/맛살 > 어묵,동원)바른전골용,동원)바른전골용,,,동원)바른전골용,,,동원(냉장),,동원)바른전골용,동원,,동원(냉장),일배 > 어묵/맛살 > 어묵,,,350g,,,0,,,,,,,,,,0,0,,,,,CSV,"{""80"":38,""상품명"":""동원)바른전골용"",""규격"":""350g"",""바코드"":""8801047529033"",""공급사"":""동원(냉장)"",""매입가"":2680,""판매가"":3400,""특매그룹속성"":"""",""특매매입가"":0,""특매판매가"":0,""이익율"":21.18,""적립률"":0,""수수료"":0,""재고"":2,""재고액"":5360,""최소재고"":0,""일매출량"":0,""박스입수"":0,""ABC"":"" D"",""대"":""일배"",""중"":""어묵/맛살"",""소"":""어묵"",""용량"":"""",""단위가격"":"""",""매입가변경일시"":""2025-07-30 14:29"",""판매가변경일시"":""2025-05-22 12:25"",""최근매입일시"":""2025-11-10 17:07"",""최근실사일시"":"""",""등록일시"":""2023-02-28 13:41"",""수정일시"":""2025-07-30 14:29"",""상품설명"":"""",""원산지"":"""",""매대"":0}",1
8801047529156,EAN13,,일배 > 어묵/맛살 > 어묵,바른시원어묵탕,바른시원어묵탕,,,바른시원어묵탕,,,동원(냉장),,바른시원어묵탕,동원,,동원(냉장),일배 > 어묵/맛살 > 어묵,,,398g,398g,,0,,,,,,,,,,0,0,,,,,CSV,"{""80"":39,""상품명"":""바른시원어묵탕"",""규격"":""398g"",""바코드"":""8801047529156"",""공급사"":""동원(냉장)"",""매입가"":3584,""판매가"":4250,""특매그룹속성"":"""",""특매매입가"":0,""특매판매가"":0,""이익율"":15.67,""적립률"":0,""수수료"":0,""재고"":2,""재고액"":7168,""최소재고"":0,""일매출량"":0,""박스입수"":0,""ABC"":"" D"",""대"":""일배"",""중"":""어묵/맛살"",""소"":""어묵"",""용량"":""398g"",""단위가격"":""100g당 1068원"",""매입가변경일시"":""2024-07-19 16:40"",""판매가변경일시"":""2024-07-19 16:41"",""최근매입일시"":""2024-07-31 19:14"",""최근실사일시"":"""",""등록일시"":""2023-02-28 13:41"",""수정일시"":""2024-07-19 16:41"",""상품설명"":"""",""원산지"":"""",""매대"":0}",1
8801047529408,EAN13,,일배 > 어묵/맛살 > 어묵,동원)안심유부산쫄깃사각어묵,동원)안심유부산쫄깃사각어묵,,,동원)안심유부산쫄깃사각어묵,,,동원(냉장),,동원)안심유부산쫄깃사각어묵,동원,,동원(냉장),일배 > 어묵/맛살 > 어묵,,,200g,,,0,,,,,,,,,,0,0,,,,,CSV,"{""80"":40,""상품명"":""동원)안심유부산쫄깃사각어묵"",""규격"":""200g"",""바코드"":""8801047529408"",""공급사"":""동원(냉장)"",""매입가"":1584,""판매가"":2000,""특매그룹속성"":"""",""특매매입가"":0,""특매판매가"":0,""이익율"":20.8,""적립률"":0,""수수료"":0,""재고"":0,""재고액"":0,""최소재고"":0,""일매출량"":0,""박스입수"":0,""ABC"":"" D"",""대"":""일배"",""중"":""어묵/맛살"",""소"":""어묵"",""용량"":"""",""단위가격"":"""",""매입가변경일시"":"""",""판매가변경일시"":"""",""최근매입일시"":""2025-04-17 14:43"",""최근실사일시"":"""",""등록일시"":""2025-04-10 17:32"",""수정일시"":"""",""상품설명"":"""",""원산지"":"""",""매대"":0}",1
8801047529545,EAN13,,일배 > 냉장분식 > 냉장분식,동원)바른사각(85%갈치어묵),동원)바른사각(85%갈치어묵),,,동원)바른사각(85%갈치어묵),,,동원(냉장),,동원)바른사각(85%갈치어묵),동원,,동원(냉장),일배 > 냉장분식 > 냉장분식,,,180g,,,0,,,,,,,,,,0,0,,,,,CSV,"{""80"":41,""상품명"":""동원)바른사각(85%갈치어묵)"",""규격"":""180g"",""바코드"":""8801047529545"",""공급사"":""동원(냉장)"",""매입가"":1756,""판매가"":2100,""특매그룹속성"":"""",""특매매입가"":0,""특매판매가"":0,""이익율"":16.38,""적립률"":0,""수수료"":0,""재고"":0,""재고액"":0,""최소재고"":0,""일매출량"":0,""박스입수"":0,""ABC"":"" Z"",""대"":""일배"",""중"":""냉장분식"",""소"":""냉장분식"",""용량"":"""",""단위가격"":"""",""매입가변경일시"":""2025-07-30 14:29"",""판매가변경일시"":""2025-05-28 15:02"",""최근매입일시"":""2025-08-13 18:03"",""최근실사일시"":"""",""등록일시"":""2024-06-11 10:35"",""수정일시"":""2025-07-30 14:29"",""상품설명"":"""",""원산지"":"""",""매대"":0}",1
8801047529552,EAN13,,일배 > 냉장분식 > 냉장분식,동원)바른85%실꼬리돔사각,동원)바른85%실꼬리돔사각,,,동원)바른85%실꼬리돔사각,,,동원(냉장),,동원)바른85%실꼬리돔사각,동원,,동원(냉장),일배 > 냉장분식 > 냉장분식,,,180g,,,0,,,,,,,,,,0,0,,,,,CSV,"{""80"":42,""상품명"":""동원)바른85%실꼬리돔사각"",""규격"":""180g"",""바코드"":""8801047529552"",""공급사"":""동원(냉장)"",""매입가"":1756,""판매가"":2100,""특매그룹속성"":"""",""특매매입가"":0,""특매판매가"":0,""이익율"":16.38,""적립률"":0,""수수료"":0,""재고"":0,""재고액"":0,""최소재고"":0,""일매출량"":0,""박스입수"":0,""ABC"":"" Z"",""대"":""일배"",""중"":""냉장분식"",""소"":""냉장분식"",""용량"":"""",""단위가격"":"""",""매입가변경일시"":""2025-07-30 14:29"",""판매가변경일시"":""2025-05-22 12:26"",""최근매입일시"":""2025-08-13 18:03"",""최근실사일시"":"""",""등록일시"":""2024-06-11 10:35"",""수정일시"":""2025-07-30 14:29"",""상품설명"":"""",""원산지"":"""",""매대"":0}",1
8801047532200,EAN13,,일배 > 냉장분식 > 냉장분식,동원-부산어묵진사각꼬치,동원-부산어묵진사각꼬치,,,동원-부산어묵진사각꼬치,,,동원(냉장),,동원-부산어묵진사각꼬치,동원,,동원(냉장),일배 > 냉장분식 > 냉장분식,,,360g,360g,,0,,,,,,,,,,0,0,,,,,CSV,"{""80"":43,""상품명"":""동원-부산어묵진사각꼬치"",""규격"":""360g"",""바코드"":""8801047532200"",""공급사"":""동원(냉장)"",""매입가"":3824,""판매가"":4600,""특매그룹속성"":"""",""특매매입가"":0,""특매판매가"":0,""이익율"":16.87,""적립률"":0,""수수료"":0,""재고"":1,""재고액"":3824,""최소재고"":0,""일매출량"":0,""박스입수"":0,""ABC"":"" Z"",""대"":""일배"",""중"":""냉장분식"",""소"":""냉장분식"",""용량"":""360g"",""단위가격"":""100g당 1278원"",""매입가변경일시"":""2024-06-11 10:18"",""판매가변경일시"":""2024-06-11 10:18"",""최근매입일시"":""2024-11-20 17:20"",""최근실사일시"":"""",""등록일시"":""2024-06-11 10:12"",""수정일시"":""2024-06-11 10:19"",""상품설명"":"""",""원산지"":"""",""매대"":0}",1
8801047532231,EAN13,,일배 > 어묵/맛살 > 어묵,동원)부산어묵진사각,동원)부산어묵진사각,,,동원)부산어묵진사각,,,동원(냉장),,동원)부산어묵진사각,동원,,동원(냉장),일배 > 어묵/맛살 > 어묵,,,500g,,,0,,,,,,,,,,0,0,,,,,CSV,"{""80"":44,""상품명"":""동원)부산어묵진사각"",""규격"":""500g"",""바코드"":""8801047532231"",""공급사"":""동원(냉장)"",""매입가"":3065,""판매가"":3700,""특매그룹속성"":"""",""특매매입가"":0,""특매판매가"":0,""이익율"":17.16,""적립률"":0,""수수료"":0,""재고"":0,""재고액"":0,""최소재고"":0,""일매출량"":0,""박스입수"":0,""ABC"":"" D"",""대"":""일배"",""중"":""어묵/맛살"",""소"":""어묵"",""용량"":"""",""단위가격"":"""",""매입가변경일시"":"""",""판매가변경일시"":"""",""최근매입일시"":""2025-08-13 18:03"",""최근실사일시"":"""",""등록일시"":""2025-08-13 18:05"",""수정일시"":"""",""상품설명"":"""",""원산지"":"""",""매대"":0}",1
8801047557807,EAN13,,일배 > 어묵/맛살 > 어묵,동원)추억부산어묵사각,동원)추억부산어묵사각,,,동원)추억부산어묵사각,,,동원(냉장),,동원)추억부산어묵사각,동원,,동원(냉장),일배 > 어묵/맛살 > 어묵,,,150g+100g,,,0,,,,,,,,,,0,0,,,,,CSV,"{""80"":45,""상품명"":""동원)추억부산어묵사각"",""규격"":""150g+100g"",""바코드"":""8801047557807"",""공급사"":""동원(냉장)"",""매입가"":1350,""판매가"":1600,""특매그룹속성"":"""",""특매매입가"":0,""특매판매가"":0,""이익율"":15.63,""적립률"":0,""수수료"":0,""재고"":1,""재고액"":1350,""최소재고"":0,""일매출량"":0,""박스입수"":0,""ABC"":"" D"",""대"":""일배"",""중"":""어묵/맛살"",""소"":""어묵"",""용량"":"""",""단위가격"":"""",""매입가변경일시"":""2024-10-15 12:37"",""판매가변경일시"":""2024-10-15 12:37"",""최근매입일시"":""2025-05-28 14:59"",""최근실사일시"":"""",""등록일시"":""2022-01-07 11:55"",""수정일시"":""2024-10-15 12:41"",""상품설명"":"""",""원산지"":"""",""매대"":0}",1
8801047558200,EAN13,,일배 > 어묵/맛살 > 어묵,동원)추억부산어묵쫄깃사각,동원)추억부산어묵쫄깃사각,,,동원)추억부산어묵쫄깃사각,,,동원(냉장),,동원)추억부산어묵쫄깃사각,동원,,동원(냉장),일배 > 어묵/맛살 > 어묵,,,231g,,,0,,,,,,,,,,0,0,,,,,CSV,"{""80"":46,""상품명"":""동원)추억부산어묵쫄깃사각"",""규격"":""231g"",""바코드"":""8801047558200"",""공급사"":""동원(냉장)"",""매입가"":1350,""판매가"":1600,""특매그룹속성"":"""",""특매매입가"":0,""특매판매가"":0,""이익율"":15.63,""적립률"":0,""수수료"":0,""재고"":0,""재고액"":0,""최소재고"":0,""일매출량"":0,""박스입수"":0,""ABC"":"" D"",""대"":""일배"",""중"":""어묵/맛살"",""소"":""어묵"",""용량"":"""",""단위가격"":"""",""매입가변경일시"":"""",""판매가변경일시"":""2024-10-15 12:37"",""최근매입일시"":""2024-10-15 12:36"",""최근실사일시"":"""",""등록일시"":""2024-10-10 15:24"",""수정일시"":""2024-10-15 12:41"",""상품설명"":"""",""원산지"":"""",""매대"":0}",1
8801047558248,EAN13,,일배 > 냉장분식 > 냉장분식,동원)추억부산쫄깃쫄깃어묵,동원)추억부산쫄깃쫄깃어묵,,,동원)추억부산쫄깃쫄깃어묵,,,동원(냉장),,동원)추억부산쫄깃쫄깃어묵,동원,,동원(냉장),일배 > 냉장분식 > 냉장분식,,,396g,,,0,,,,,,,,,,0,0,,,,,CSV,"{""80"":47,""상품명"":""동원)추억부산쫄깃쫄깃어묵"",""규격"":""396g"",""바코드"":""8801047558248"",""공급사"":""동원(냉장)"",""매입가"":2384,""판매가"":2900,""특매그룹속성"":"""",""특매매입가"":0,""특매판매가"":0,""이익율"":17.79,""적립률"":0,""수수료"":0,""재고"":0,""재고액"":0,""최소재고"":0,""일매출량"":0,""박스입수"":0,""ABC"":"" D"",""대"":""일배"",""중"":""냉장분식"",""소"":""냉장분식"",""용량"":"""",""단위가격"":"""",""매입가변경일시"":""2025-06-07 16:28"",""판매가변경일시"":""2025-06-07 16:28"",""최근매입일시"":""2025-07-03 11:55"",""최근실사일시"":"""",""등록일시"":""2023-02-28 13:54"",""수정일시"":""2025-06-07 16:28"",""상품설명"":"""",""원산지"":"""",""매대"":0}",1
8801047558385,EAN13,,일배 > 어묵/맛살 > 어묵,동원)알뜰야채사각,동원)알뜰야채사각,,,동원)알뜰야채사각,,,동원(냉장),,동원)알뜰야채사각,동원,,동원(냉장),일배 > 어묵/맛살 > 어묵,,,200g,,,0,,,,,,,,,,0,0,,,,,CSV,"{""80"":48,""상품명"":""동원)알뜰야채사각"",""규격"":""200g"",""바코드"":""8801047558385"",""공급사"":""동원(냉장)"",""매입가"":1310,""판매가"":1600,""특매그룹속성"":"""",""특매매입가"":0,""특매판매가"":0,""이익율"":18.13,""적립률"":0,""수수료"":0,""재고"":1,""재고액"":1310,""최소재고"":0,""일매출량"":0,""박스입수"":0,""ABC"":"" D"",""대"":""일배"",""중"":""어묵/맛살"",""소"":""어묵"",""용량"":"""",""단위가격"":"""",""매입가변경일시"":""2025-04-17 14:46"",""판매가변경일시"":""2025-04-17 14:46"",""최근매입일시"":""2025-11-10 17:07"",""최근실사일시"":"""",""등록일시"":""2022-01-07 11:55"",""수정일시"":""2025-04-17 14:47"",""상품설명"":"""",""원산지"":"""",""매대"":0}",1
8801047558682,EAN13,,일배 > 냉장분식 > 냉장분식,동원)맛이깊은부산어묵알뜰사각,동원)맛이깊은부산어묵알뜰사각,,,동원)맛이깊은부산어묵알뜰사각,,,동원(냉장),,동원)맛이깊은부산어묵알뜰사각,동원,,동원(냉장),일배 > 냉장분식 > 냉장분식,,,200g,,,0,,,,,,,,,,0,0,,,,,CSV,"{""80"":49,""상품명"":""동원)맛이깊은부산어묵알뜰사각"",""규격"":""200g"",""바코드"":""8801047558682"",""공급사"":""동원(냉장)"",""매입가"":850,""판매가"":1000,""특매그룹속성"":"""",""특매매입가"":0,""특매판매가"":0,""이익율"":15,""적립률"":0,""수수료"":0,""재고"":5,""재고액"":4250,""최소재고"":0,""일매출량"":0,""박스입수"":0,""ABC"":"" Z"",""대"":""일배"",""중"":""냉장분식"",""소"":""냉장분식"",""용량"":"""",""단위가격"":"""",""매입가변경일시"":""2024-06-11 10:48"",""판매가변경일시"":""2025-09-10 17:55"",""최근매입일시"":""2025-11-10 17:07"",""최근실사일시"":"""",""등록일시"":""2024-06-11 10:35"",""수정일시"":""2025-09-10 17:56"",""상품설명"":"""",""원산지"":"""",""매대"":0}",1
8801047558699,EAN13,,일배 > 냉장분식 > 냉장분식,동원)맛이깊은부산어묵알뜰종합,동원)맛이깊은부산어묵알뜰종합,,,동원)맛이깊은부산어묵알뜰종합,,,동원(냉장),,동원)맛이깊은부산어묵알뜰종합,동원,,동원(냉장),일배 > 냉장분식 > 냉장분식,,,170g,,,0,,,,,,,,,,0,0,,,,,CSV,"{""80"":50,""상품명"":""동원)맛이깊은부산어묵알뜰종합"",""규격"":""170g"",""바코드"":""8801047558699"",""공급사"":""동원(냉장)"",""매입가"":1000,""판매가"":1200,""특매그룹속성"":"""",""특매매입가"":0,""특매판매가"":0,""이익율"":16.67,""적립률"":0,""수수료"":0,""재고"":0,""재고액"":0,""최소재고"":0,""일매출량"":0,""박스입수"":0,""ABC"":"" Z"",""대"":""일배"",""중"":""냉장분식"",""소"":""냉장분식"",""용량"":"""",""단위가격"":"""",""매입가변경일시"":""2024-06-11 10:48"",""판매가변경일시"":""2024-06-11 10:48"",""최근매입일시"":""2024-07-12 16:58"",""최근실사일시"":"""",""등록일시"":""2024-06-11 10:35"",""수정일시"":""2024-06-11 10:48"",""상품설명"":"""",""원산지"":"""",""매대"":0}",1
8801047559665,EAN13,,일배 > 냉장분식 > 냉장분식,동원)삼각유부초밥,동원)삼각유부초밥,,,동원)삼각유부초밥,,,동원(냉장),,동원)삼각유부초밥,동원,,동원(냉장),일배 > 냉장분식 > 냉장분식,,,320g,,,0,,,,,,,,,,0,0,,,,,CSV,"{""80"":51,""상품명"":""동원)삼각유부초밥"",""규격"":""320g"",""바코드"":""8801047559665"",""공급사"":""동원(냉장)"",""매입가"":3584,""판매가"":4600,""특매그룹속성"":"""",""특매매입가"":0,""특매판매가"":0,""이익율"":22.09,""적립률"":0,""수수료"":0,""재고"":-1,""재고액"":-3584,""최소재고"":0,""일매출량"":0,""박스입수"":0,""ABC"":"" D"",""대"":""일배"",""중"":""냉장분식"",""소"":""냉장분식"",""용량"":"""",""단위가격"":"""",""매입가변경일시"":""2024-06-11 10:48"",""판매가변경일시"":""2024-06-11 10:48"",""최근매입일시"":""2025-07-03 11:55"",""최근실사일시"":""2024-06-08 09:10"",""등록일시"":""2023-02-28 13:43"",""수정일시"":""2024-10-03 08:29"",""상품설명"":"""",""원산지"":"""",""매대"":0}",1
8801047559900,EAN13,,일배 > 냉장분식 > 냉장분식,동원)롤유부고소초밥,동원)롤유부고소초밥,,,동원)롤유부고소초밥,,,동원(냉장),,동원)롤유부고소초밥,동원,,동원(냉장),일배 > 냉장분식 > 냉장분식,,,254g,,,0,,,,,,,,,,0,0,,,,,CSV,"{""80"":52,""상품명"":""동원)롤유부고소초밥"",""규격"":""254g"",""바코드"":""8801047559900"",""공급사"":""동원(냉장)"",""매입가"":3180,""판매가"":4100,""특매그룹속성"":"""",""특매매입가"":0,""특매판매가"":0,""이익율"":22.44,""적립률"":0,""수수료"":0,""재고"":0,""재고액"":0,""최소재고"":0,""일매출량"":0,""박스입수"":0,""ABC"":"" D"",""대"":""일배"",""중"":""냉장분식"",""소"":""냉장분식"",""용량"":"""",""단위가격"":"""",""매입가변경일시"":""2025-07-09 16:51"",""판매가변경일시"":""2025-07-09 16:51"",""최근매입일시"":""2025-10-19 17:15"",""최근실사일시"":"""",""등록일시"":""2023-04-26 12:43"",""수정일시"":""2025-07-09 16:51"",""상품설명"":"""",""원산지"":"""",""매대"":0}",1
8801047559917,EAN13,,일배 > 냉장분식 > 냉장분식,동원)롤유부새콤초밥,동원)롤유부새콤초밥,,,동원)롤유부새콤초밥,,,동원(냉장),,동원)롤유부새콤초밥,동원,,동원(냉장),일배 > 냉장분식 > 냉장분식,,,254g,,,0,,,,,,,,,,0,0,,,,,CSV,"{""80"":53,""상품명"":""동원)롤유부새콤초밥"",""규격"":""254g"",""바코드"":""8801047559917"",""공급사"":""동원(냉장)"",""매입가"":3180,""판매가"":4100,""특매그룹속성"":"""",""특매매입가"":0,""특매판매가"":0,""이익율"":22.44,""적립률"":0,""수수료"":0,""재고"":2,""재고액"":6360,""최소재고"":0,""일매출량"":0,""박스입수"":0,""ABC"":"" D"",""대"":""일배"",""중"":""냉장분식"",""소"":""냉장분식"",""용량"":"""",""단위가격"":"""",""매입가변경일시"":""2025-07-30 14:28"",""판매가변경일시"":""2025-07-30 14:28"",""최근매입일시"":""2025-10-19 17:15"",""최근실사일시"":""2024-06-08 09:10"",""등록일시"":""2023-04-26 12:44"",""수정일시"":""2025-07-30 14:28"",""상품설명"":"""",""원산지"":"""",""매대"":0}",1
8801047569503,EAN13,,일배 > 냉장분식 > 냉장분식,동원)통그릴더블라이트비엔나,동원)통그릴더블라이트비엔나,,,동원)통그릴더블라이트비엔나,,,동원(냉장),,동원)통그릴더블라이트비엔나,동원,,동원(냉장),일배 > 냉장분식 > 냉장분식,,,260g*2,,,0,,,,,,,,,,0,0,,,,,CSV,"{""80"":54,""상품명"":""동원)통그릴더블라이트비엔나"",""규격"":""260g*2"",""바코드"":""8801047569503"",""공급사"":""동원(냉장)"",""매입가"":7184,""판매가"":8900,""특매그룹속성"":"""",""특매매입가"":0,""특매판매가"":0,""이익율"":19.28,""적립률"":0,""수수료"":0,""재고"":0,""재고액"":0,""최소재고"":0,""일매출량"":0,""박스입수"":0,""ABC"":"" D"",""대"":""일배"",""중"":""냉장분식"",""소"":""냉장분식"",""용량"":"""",""단위가격"":"""",""매입가변경일시"":"""",""판매가변경일시"":"""",""최근매입일시"":""2025-07-30 14:28"",""최근실사일시"":"""",""등록일시"":""2025-05-01 15:51"",""수정일시"":"""",""상품설명"":"""",""원산지"":"""",""매대"":0}",1
8801047569527,EAN13,,일배 > 육가공 > 햄,동원)그릴리더블라이트직화후랑크,동원)그릴리더블라이트직화후랑크,,,동원)그릴리더블라이트직화후랑크,,,동원(냉장),,동원)그릴리더블라이트직화후랑크,동원,,동원(냉장),일배 > 육가공 > 햄,,,200g*2,,,0,,,,,,,,,,0,0,,,,,CSV,"{""80"":55,""상품명"":""동원)그릴리더블라이트직화후랑크"",""규격"":""200g*2"",""바코드"":""8801047569527"",""공급사"":""동원(냉장)"",""매입가"":7184,""판매가"":8800,""특매그룹속성"":"""",""특매매입가"":0,""특매판매가"":0,""이익율"":18.36,""적립률"":0,""수수료"":0,""재고"":-2,""재고액"":-14368,""최소재고"":0,""일매출량"":0,""박스입수"":0,""ABC"":"" D"",""대"":""일배"",""중"":""육가공"",""소"":""햄"",""용량"":"""",""단위가격"":"""",""매입가변경일시"":"""",""판매가변경일시"":""2025-05-07 15:15"",""최근매입일시"":""2025-10-14 12:00"",""최근실사일시"":"""",""등록일시"":""2025-05-07 15:15"",""수정일시"":""2025-05-07 15:15"",""상품설명"":"""",""원산지"":"""",""매대"":0}",1
8801047569534,EAN13,,일배 > 육가공 > 쏘세지,동원)통그릴벌집후랑크오리지널,동원)통그릴벌집후랑크오리지널,,,동원)통그릴벌집후랑크오리지널,,,동원(냉장),,동원)통그릴벌집후랑크오리지널,동원,,동원(냉장),일배 > 육가공 > 쏘세지,,,70g,,,0,,,,,,,,,,0,0,,,,,CSV,"{""80"":56,""상품명"":""동원)통그릴벌집후랑크오리지널"",""규격"":""70g"",""바코드"":""8801047569534"",""공급사"":""동원(냉장)"",""매입가"":1184,""판매가"":1400,""특매그룹속성"":"""",""특매매입가"":0,""특매판매가"":0,""이익율"":15.43,""적립률"":0,""수수료"":0,""재고"":0,""재고액"":0,""최소재고"":0,""일매출량"":0,""박스입수"":0,""ABC"":"" D"",""대"":""일배"",""중"":""육가공"",""소"":""쏘세지"",""용량"":"""",""단위가격"":"""",""매입가변경일시"":"""",""판매가변경일시"":"""",""최근매입일시"":""2025-10-19 17:15"",""최근실사일시"":"""",""등록일시"":""2025-07-03 11:56"",""수정일시"":"""",""상품설명"":"""",""원산지"":"""",""매대"":0}",1
8801047569541,EAN13,,일배 > 육가공 > 쏘세지,동원)통그릴벌집후랑크초리조,동원)통그릴벌집후랑크초리조,,,동원)통그릴벌집후랑크초리조,,,동원(냉장),,동원)통그릴벌집후랑크초리조,동원,,동원(냉장),일배 > 육가공 > 쏘세지,,,70g,,,0,,,,,,,,,,0,0,,,,,CSV,"{""80"":57,""상품명"":""동원)통그릴벌집후랑크초리조"",""규격"":""70g"",""바코드"":""8801047569541"",""공급사"":""동원(냉장)"",""매입가"":1184,""판매가"":1400,""특매그룹속성"":"""",""특매매입가"":0,""특매판매가"":0,""이익율"":15.43,""적립률"":0,""수수료"":0,""재고"":0,""재고액"":0,""최소재고"":0,""일매출량"":0,""박스입수"":0,""ABC"":"" D"",""대"":""일배"",""중"":""육가공"",""소"":""쏘세지"",""용량"":"""",""단위가격"":"""",""매입가변경일시"":"""",""판매가변경일시"":"""",""최근매입일시"":""2025-10-19 17:15"",""최근실사일시"":"""",""등록일시"":""2025-07-03 11:56"",""수정일시"":"""",""상품설명"":"""",""원산지"":"""",""매대"":0}",1
8801047569596,EAN13,,일배 > 냉장분식 > 냉장분식,동원)그릴리직화볼케이노닭꼬치,동원)그릴리직화볼케이노닭꼬치,,,동원)그릴리직화볼케이노닭꼬치,,,동원(냉장),,동원)그릴리직화볼케이노닭꼬치,동원,,동원(냉장),일배 > 냉장분식 > 냉장분식,,,75g,,,0,,,,,,,,,,0,0,,,,,CSV,"{""80"":58,""상품명"":""동원)그릴리직화볼케이노닭꼬치"",""규격"":""75g"",""바코드"":""8801047569596"",""공급사"":""동원(냉장)"",""매입가"":2384,""판매가"":3000,""특매그룹속성"":"""",""특매매입가"":0,""특매판매가"":0,""이익율"":20.53,""적립률"":0,""수수료"":0,""재고"":0,""재고액"":0,""최소재고"":0,""일매출량"":0,""박스입수"":0,""ABC"":"" D"",""대"":""일배"",""중"":""냉장분식"",""소"":""냉장분식"",""용량"":"""",""단위가격"":"""",""매입가변경일시"":"""",""판매가변경일시"":"""",""최근매입일시"":""2025-07-22 19:09"",""최근실사일시"":"""",""등록일시"":""2025-03-19 10:02"",""수정일시"":""2025-03-19 10:03"",""상품설명"":"""",""원산지"":"""",""매대"":0}",1
8801047569671,EAN13,,일배 > 냉장분식 > 냉장분식,동원)그릴리직화데리야끼닭꼬치,동원)그릴리직화데리야끼닭꼬치,,,동원)그릴리직화데리야끼닭꼬치,,,동원(냉장),,동원)그릴리직화데리야끼닭꼬치,동원,,동원(냉장),일배 > 냉장분식 > 냉장분식,,,75g,,,0,,,,,,,,,,0,0,,,,,CSV,"{""80"":59,""상품명"":""동원)그릴리직화데리야끼닭꼬치"",""규격"":""75g"",""바코드"":""8801047569671"",""공급사"":""동원(냉장)"",""매입가"":2384,""판매가"":3000,""특매그룹속성"":"""",""특매매입가"":0,""특매판매가"":0,""이익율"":20.53,""적립률"":0,""수수료"":0,""재고"":0,""재고액"":0,""최소재고"":0,""일매출량"":0,""박스입수"":0,""ABC"":"" D"",""대"":""일배"",""중"":""냉장분식"",""소"":""냉장분식"",""용량"":"""",""단위가격"":"""",""매입가변경일시"":"""",""판매가변경일시"":"""",""최근매입일시"":""2025-11-10 17:07"",""최근실사일시"":"""",""등록일시"":""2025-03-19 10:03"",""수정일시"":"""",""상품설명"":"""",""원산지"":"""",""매대"":0}",1
8801047569800,EAN13,,일배 > 냉장분식 > 냉장분식,동원)그릴리직화닭가슴살스테이크,동원)그릴리직화닭가슴살스테이크,,,동원)그릴리직화닭가슴살스테이크,,,동원(냉장),,동원)그릴리직화닭가슴살스테이크,동원,,동원(냉장),일배 > 냉장분식 > 냉장분식,,,100g,,,0,,,,,,,,,,0,0,,,,,CSV,"{""80"":60,""상품명"":""동원)그릴리직화닭가슴살스테이크"",""규격"":""100g"",""바코드"":""8801047569800"",""공급사"":""동원(냉장)"",""매입가"":2384,""판매가"":2900,""특매그룹속성"":""우선그룹"",""특매매입가"":1584,""특매판매가"":1980,""이익율"":17.79,""적립률"":0,""수수료"":0,""재고"":3,""재고액"":7152,""최소재고"":0,""일매출량"":0,""박스입수"":0,""ABC"":"" D"",""대"":""일배"",""중"":""냉장분식"",""소"":""냉장분식"",""용량"":"""",""단위가격"":"""",""매입가변경일시"":"""",""판매가변경일시"":"""",""최근매입일시"":""2025-10-24 15:56"",""최근실사일시"":"""",""등록일시"":""2024-12-26 11:26"",""수정일시"":""2025-04-17 14:45"",""상품설명"":"""",""원산지"":"""",""매대"":0}",1
8801047569848,EAN13,,일배 > 냉장분식 > 냉장분식,동원)그릴리직화큐브닭가슴살-블랙페퍼,동원)그릴리직화큐브닭가슴살-블랙페퍼,,,동원)그릴리직화큐브닭가슴살-블랙페퍼,,,동원(냉장),,동원)그릴리직화큐브닭가슴살-블랙페퍼,동원,,동원(냉장),일배 > 냉장분식 > 냉장분식,,,85g,,,0,,,,,,,,,,0,0,,,,,CSV,"{""80"":61,""상품명"":""동원)그릴리직화큐브닭가슴살-블랙페퍼"",""규격"":""85g"",""바코드"":""8801047569848"",""공급사"":""동원(냉장)"",""매입가"":2224,""판매가"":2800,""특매그룹속성"":"""",""특매매입가"":0,""특매판매가"":0,""이익율"":20.57,""적립률"":0,""수수료"":0,""재고"":0,""재고액"":0,""최소재고"":0,""일매출량"":0,""박스입수"":0,""ABC"":"" D"",""대"":""일배"",""중"":""냉장분식"",""소"":""냉장분식"",""용량"":"""",""단위가격"":"""",""매입가변경일시"":""2025-05-22 12:24"",""판매가변경일시"":""2025-05-22 12:24"",""최근매입일시"":""2025-06-20 08:53"",""최근실사일시"":"""",""등록일시"":""2024-12-26 11:26"",""수정일시"":""2025-05-22 12:24"",""상품설명"":"""",""원산지"":"""",""매대"":0}",1
8801047570363,EAN13,,일배 > 냉장분식 > 냉장분식,동원)마늘비엔나,동원)마늘비엔나,,,동원)마늘비엔나,,,동원(냉장),,동원)마늘비엔나,동원,,동원(냉장),일배 > 냉장분식 > 냉장분식,,,300g*2,,,0,,,,,,,,,,0,0,,,,,CSV,"{""80"":62,""상품명"":""동원)마늘비엔나"",""규격"":""300g*2"",""바코드"":""8801047570363"",""공급사"":""동원(냉장)"",""매입가"":6145,""판매가"":7500,""특매그룹속성"":"""",""특매매입가"":0,""특매판매가"":0,""이익율"":18.07,""적립률"":0,""수수료"":0,""재고"":1,""재고액"":6145,""최소재고"":0,""일매출량"":0,""박스입수"":0,""ABC"":"" D"",""대"":""일배"",""중"":""냉장분식"",""소"":""냉장분식"",""용량"":"""",""단위가격"":"""",""매입가변경일시"":""2025-07-22 19:10"",""판매가변경일시"":""2025-07-22 19:10"",""최근매입일시"":""2025-11-10 17:07"",""최근실사일시"":"""",""등록일시"":""2022-01-07 11:55"",""수정일시"":""2025-07-22 19:10"",""상품설명"":"""",""원산지"":"""",""매대"":0}",1
8801047570370,EAN13,,일배 > 냉장분식 > 냉장분식,동원)마늘후랑크기획,동원)마늘후랑크기획,,,동원)마늘후랑크기획,,,동원(냉장),,동원)마늘후랑크기획,동원,,동원(냉장),일배 > 냉장분식 > 냉장분식,,,300g*2,,,0,,,,,,,,,,0,0,,,,,CSV,"{""80"":63,""상품명"":""동원)마늘후랑크기획"",""규격"":""300g*2"",""바코드"":""8801047570370"",""공급사"":""동원(냉장)"",""매입가"":6145,""판매가"":7500,""특매그룹속성"":"""",""특매매입가"":0,""특매판매가"":0,""이익율"":18.07,""적립률"":0,""수수료"":0,""재고"":-1,""재고액"":-6145,""최소재고"":0,""일매출량"":0,""박스입수"":0,""ABC"":"" D"",""대"":""일배"",""중"":""냉장분식"",""소"":""냉장분식"",""용량"":"""",""단위가격"":"""",""매입가변경일시"":""2025-07-22 19:10"",""판매가변경일시"":""2025-07-22 19:10"",""최근매입일시"":""2025-11-10 17:07"",""최근실사일시"":"""",""등록일시"":""2022-01-13 17:59"",""수정일시"":""2025-07-22 19:10"",""상품설명"":"""",""원산지"":"""",""매대"":0}",1
8801047570592,EAN13,,일배 > 육가공 > 햄,동원)통그릴비엔나,동원)통그릴비엔나,,,동원)통그릴비엔나,,,동원(냉장),,동원)통그릴비엔나,동원,,동원(냉장),일배 > 육가공 > 햄,,,200*2,,,0,,,,,,,,,,0,0,,,,,CSV,"{""80"":64,""상품명"":""동원)통그릴비엔나"",""규격"":""200*2"",""바코드"":""8801047570592"",""공급사"":""동원(냉장)"",""매입가"":4990,""판매가"":6600,""특매그룹속성"":"""",""특매매입가"":0,""특매판매가"":0,""이익율"":24.39,""적립률"":0,""수수료"":0,""재고"":0,""재고액"":0,""최소재고"":0,""일매출량"":0,""박스입수"":0,""ABC"":"" D"",""대"":""일배"",""중"":""육가공"",""소"":""햄"",""용량"":"""",""단위가격"":"""",""매입가변경일시"":""2025-07-30 14:29"",""판매가변경일시"":""2024-06-09 09:10"",""최근매입일시"":""2025-10-19 17:15"",""최근실사일시"":"""",""등록일시"":""2023-02-28 13:47"",""수정일시"":""2025-07-30 19:16"",""상품설명"":"""",""원산지"":"""",""매대"":0}",1
8801047570790,EAN13,,일배 > 육가공 > 햄,동원)직화후랑크,동원)직화후랑크,,,동원)직화후랑크,,,동원(냉장),,동원)직화후랑크,동원,,동원(냉장),일배 > 육가공 > 햄,,,250g*2,,,0,,,,,,,,,,0,0,,,,,CSV,"{""80"":65,""상품명"":""동원)직화후랑크"",""규격"":""250g*2"",""바코드"":""8801047570790"",""공급사"":""동원(냉장)"",""매입가"":5584,""판매가"":7000,""특매그룹속성"":"""",""특매매입가"":0,""특매판매가"":0,""이익율"":20.23,""적립률"":0,""수수료"":0,""재고"":0,""재고액"":0,""최소재고"":0,""일매출량"":0,""박스입수"":0,""ABC"":"" D"",""대"":""일배"",""중"":""육가공"",""소"":""햄"",""용량"":"""",""단위가격"":"""",""매입가변경일시"":""2025-03-12 13:02"",""판매가변경일시"":""2025-03-12 13:02"",""최근매입일시"":"""",""최근실사일시"":"""",""등록일시"":""2022-01-07 11:55"",""수정일시"":""2025-03-12 13:02"",""상품설명"":"""",""원산지"":"""",""매대"":0}",1
8801047570875,EAN13,,일배 > 냉장분식 > 냉장분식,동원)통그릴직화후랑크기획,동원)통그릴직화후랑크기획,,,동원)통그릴직화후랑크기획,,,동원(냉장),,동원)통그릴직화후랑크기획,동원,,동원(냉장),일배 > 냉장분식 > 냉장분식,,,200g*2,,,0,,,,,,,,,,0,0,,,,,CSV,"{""80"":66,""상품명"":""동원)통그릴직화후랑크기획"",""규격"":""200g*2"",""바코드"":""8801047570875"",""공급사"":""동원(냉장)"",""매입가"":5760,""판매가"":7000,""특매그룹속성"":"""",""특매매입가"":0,""특매판매가"":0,""이익율"":17.71,""적립률"":0,""수수료"":0,""재고"":2,""재고액"":11520,""최소재고"":0,""일매출량"":0,""박스입수"":0,""ABC"":"" D"",""대"":""일배"",""중"":""냉장분식"",""소"":""냉장분식"",""용량"":"""",""단위가격"":"""",""매입가변경일시"":""2025-07-22 19:10"",""판매가변경일시"":""2025-07-22 19:10"",""최근매입일시"":""2025-11-10 17:07"",""최근실사일시"":"""",""등록일시"":""2023-02-28 13:50"",""수정일시"":""2025-07-22 19:10"",""상품설명"":"""",""원산지"":"""",""매대"":0}",1
8801047570882,EAN13,,일배 > 육가공 > 햄,동원)통그릴직화부어스트,동원)통그릴직화부어스트,,,동원)통그릴직화부어스트,,,동원(냉장),,동원)통그릴직화부어스트,동원,,동원(냉장),일배 > 육가공 > 햄,,,500g,,,0,,,,,,,,,,0,0,,,,,CSV,"{""80"":67,""상품명"":""동원)통그릴직화부어스트"",""규격"":""500g"",""바코드"":""8801047570882"",""공급사"":""동원(냉장)"",""매입가"":6145,""판매가"":7500,""특매그룹속성"":"""",""특매매입가"":0,""특매판매가"":0,""이익율"":18.07,""적립률"":0,""수수료"":0,""재고"":0,""재고액"":0,""최소재고"":0,""일매출량"":0,""박스입수"":0,""ABC"":"" D"",""대"":""일배"",""중"":""육가공"",""소"":""햄"",""용량"":"""",""단위가격"":"""",""매입가변경일시"":""2025-08-13 18:05"",""판매가변경일시"":""2025-08-13 18:05"",""최근매입일시"":""2025-08-21 17:11"",""최근실사일시"":"""",""등록일시"":""2022-01-07 11:55"",""수정일시"":""2025-08-13 18:06"",""상품설명"":"""",""원산지"":"""",""매대"":0}",1
8801047571087,EAN13,,일배 > 육가공 > 햄,동원)오븐&통그릴델리햄김밥용,동원)오븐&통그릴델리햄김밥용,,,동원)오븐&통그릴델리햄김밥용,,,동원(냉장),,동원)오븐&통그릴델리햄김밥용,동원,,동원(냉장),일배 > 육가공 > 햄,,,150g,,,0,,,,,,,,,,0,0,,,,,CSV,"{""80"":68,""상품명"":""동원)오븐&통그릴델리햄김밥용"",""규격"":""150g"",""바코드"":""8801047571087"",""공급사"":""동원(냉장)"",""매입가"":2064,""판매가"":2500,""특매그룹속성"":"""",""특매매입가"":0,""특매판매가"":0,""이익율"":17.44,""적립률"":0,""수수료"":0,""재고"":0,""재고액"":0,""최소재고"":0,""일매출량"":0,""박스입수"":0,""ABC"":"" D"",""대"":""일배"",""중"":""육가공"",""소"":""햄"",""용량"":"""",""단위가격"":"""",""매입가변경일시"":""2025-03-25 17:09"",""판매가변경일시"":""2025-01-25 13:56"",""최근매입일시"":""2025-06-04 16:16"",""최근실사일시"":"""",""등록일시"":""2023-08-30 16:04"",""수정일시"":""2025-03-25 17:09"",""상품설명"":"""",""원산지"":"""",""매대"":0}",1
8801047571094,EAN13,,일배 > 냉장분식 > 냉장분식,동원)그릴리직화델리햄,동원)그릴리직화델리햄,,,동원)그릴리직화델리햄,,,동원(냉장),,동원)그릴리직화델리햄,동원,,동원(냉장),일배 > 냉장분식 > 냉장분식,,,150g,,,0,,,,,,,,,,0,0,,,,,CSV,"{""80"":69,""상품명"":""동원)그릴리직화델리햄"",""규격"":""150g"",""바코드"":""8801047571094"",""공급사"":""동원(냉장)"",""매입가"":2064,""판매가"":2600,""특매그룹속성"":"""",""특매매입가"":0,""특매판매가"":0,""이익율"":20.62,""적립률"":0,""수수료"":0,""재고"":1,""재고액"":2064,""최소재고"":0,""일매출량"":0,""박스입수"":0,""ABC"":"" D"",""대"":""일배"",""중"":""냉장분식"",""소"":""냉장분식"",""용량"":"""",""단위가격"":"""",""매입가변경일시"":"""",""판매가변경일시"":"""",""최근매입일시"":""2025-11-10 17:07"",""최근실사일시"":"""",""등록일시"":""2025-03-19 10:06"",""수정일시"":"""",""상품설명"":"""",""원산지"":"""",""매대"":0}",1
8801047572343,EAN13,,일배 > 육가공 > 햄,동원)불고기햄,동원)불고기햄,,,동원)불고기햄,,,동원(냉장),,동원)불고기햄,동원,,동원(냉장),일배 > 육가공 > 햄,,,300g,,,0,,,,,,,,,,0,0,,,,,CSV,"{""80"":70,""상품명"":""동원)불고기햄"",""규격"":""300g"",""바코드"":""8801047572343"",""공급사"":""동원(냉장)"",""매입가"":3270,""판매가"":4100,""특매그룹속성"":"""",""특매매입가"":0,""특매판매가"":0,""이익율"":20.24,""적립률"":0,""수수료"":0,""재고"":0,""재고액"":0,""최소재고"":0,""일매출량"":0,""박스입수"":0,""ABC"":"" D"",""대"":""일배"",""중"":""육가공"",""소"":""햄"",""용량"":"""",""단위가격"":"""",""매입가변경일시"":"""",""판매가변경일시"":""2024-06-09 08:39"",""최근매입일시"":""2024-11-07 12:34"",""최근실사일시"":"""",""등록일시"":""2022-01-07 11:55"",""수정일시"":""2024-10-31 08:33"",""상품설명"":"""",""원산지"":"""",""매대"":0}",1
8801047573807,EAN13,,일배 > 냉장분식 > 냉장분식,동원)통그릴델리햄,동원)통그릴델리햄,,,동원)통그릴델리햄,,,동원(냉장),,동원)통그릴델리햄,동원,,동원(냉장),일배 > 냉장분식 > 냉장분식,,,300g,,,0,,,,,,,,,,0,0,,,,,CSV,"{""80"":71,""상품명"":""동원)통그릴델리햄"",""규격"":""300g"",""바코드"":""8801047573807"",""공급사"":""동원(냉장)"",""매입가"":3984,""판매가"":4900,""특매그룹속성"":""최우선그룹"",""특매매입가"":3180,""특매판매가"":3980,""이익율"":18.69,""적립률"":0,""수수료"":0,""재고"":4,""재고액"":15936,""최소재고"":0,""일매출량"":0,""박스입수"":0,""ABC"":"" D"",""대"":""일배"",""중"":""냉장분식"",""소"":""냉장분식"",""용량"":"""",""단위가격"":"""",""매입가변경일시"":""2025-03-22 16:38"",""판매가변경일시"":""2025-03-22 16:38"",""최근매입일시"":""2025-10-01 17:54"",""최근실사일시"":"""",""등록일시"":""2022-02-18 15:15"",""수정일시"":""2025-09-10 17:56"",""상품설명"":"""",""원산지"":"""",""매대"":0}",1
8801047574002,EAN13,,일배 > 냉장분식 > 냉장분식,동원)그릴리황금치킨닭가슴살오리지널,동원)그릴리황금치킨닭가슴살오리지널,,,동원)그릴리황금치킨닭가슴살오리지널,,,동원(냉장),,동원)그릴리황금치킨닭가슴살오리지널,동원,,동원(냉장),일배 > 냉장분식 > 냉장분식,,,105g,,,0,,,,,,,,,,0,0,,,,,CSV,"{""80"":72,""상품명"":""동원)그릴리황금치킨닭가슴살오리지널"",""규격"":""105g"",""바코드"":""8801047574002"",""공급사"":""동원(냉장)"",""매입가"":2384,""판매가"":3000,""특매그룹속성"":"""",""특매매입가"":0,""특매판매가"":0,""이익율"":20.53,""적립률"":0,""수수료"":0,""재고"":-4,""재고액"":-9536,""최소재고"":0,""일매출량"":0,""박스입수"":0,""ABC"":"" D"",""대"":""일배"",""중"":""냉장분식"",""소"":""냉장분식"",""용량"":"""",""단위가격"":"""",""매입가변경일시"":""2025-04-03 13:58"",""판매가변경일시"":""2025-04-03 13:58"",""최근매입일시"":""2025-06-20 08:53"",""최근실사일시"":"""",""등록일시"":""2023-02-28 13:45"",""수정일시"":""2025-04-03 13:58"",""상품설명"":"""",""원산지"":"""",""매대"":0}",1
8801047574019,EAN13,,일배 > 육가공 > 기타,동원)그릴리직화치킨닭가슴살블랙페퍼,동원)그릴리직화치킨닭가슴살블랙페퍼,,,동원)그릴리직화치킨닭가슴살블랙페퍼,,,동원(냉장),,동원)그릴리직화치킨닭가슴살블랙페퍼,동원,,동원(냉장),일배 > 육가공 > 기타,,,105g,,,0,,,,,,,,,,0,0,,,,,CSV,"{""80"":73,""상품명"":""동원)그릴리직화치킨닭가슴살블랙페퍼"",""규격"":""105g"",""바코드"":""8801047574019"",""공급사"":""동원(냉장)"",""매입가"":2384,""판매가"":3000,""특매그룹속성"":"""",""특매매입가"":0,""특매판매가"":0,""이익율"":20.53,""적립률"":0,""수수료"":0,""재고"":5,""재고액"":11920,""최소재고"":0,""일매출량"":0,""박스입수"":0,""ABC"":"" D"",""대"":""일배"",""중"":""육가공"",""소"":""기타"",""용량"":"""",""단위가격"":"""",""매입가변경일시"":""2025-04-03 13:59"",""판매가변경일시"":""2025-04-03 13:59"",""최근매입일시"":""2025-06-04 16:16"",""최근실사일시"":"""",""등록일시"":""2023-02-28 13:45"",""수정일시"":""2025-04-03 13:59"",""상품설명"":"""",""원산지"":"""",""매대"":0}",1
8801047574088,EAN13,,일배 > 냉장분식 > 냉장분식,동원)그릴리크럼부어스트,동원)그릴리크럼부어스트,,,동원)그릴리크럼부어스트,,,동원(냉장),,동원)그릴리크럼부어스트,동원,,동원(냉장),일배 > 냉장분식 > 냉장분식,,,315g,,,0,,,,,,,,,,0,0,,,,,CSV,"{""80"":74,""상품명"":""동원)그릴리크럼부어스트"",""규격"":""315g"",""바코드"":""8801047574088"",""공급사"":""동원(냉장)"",""매입가"":3600,""판매가"":4800,""특매그룹속성"":"""",""특매매입가"":0,""특매판매가"":0,""이익율"":25,""적립률"":0,""수수료"":0,""재고"":0,""재고액"":0,""최소재고"":0,""일매출량"":0,""박스입수"":0,""ABC"":"" D"",""대"":""일배"",""중"":""냉장분식"",""소"":""냉장분식"",""용량"":"""",""단위가격"":"""",""매입가변경일시"":""2024-08-06 13:08"",""판매가변경일시"":""2024-06-11 10:48"",""최근매입일시"":""2024-12-26 11:24"",""최근실사일시"":"""",""등록일시"":""2023-04-03 22:17"",""수정일시"":""2024-12-26 11:24"",""상품설명"":"""",""원산지"":"""",""매대"":0}",1
8801047574262,EAN13,,일배 > 냉장분식 > 냉장분식,동원)그릴리초리조부어스트,동원)그릴리초리조부어스트,,,동원)그릴리초리조부어스트,,,동원(냉장),,동원)그릴리초리조부어스트,동원,,동원(냉장),일배 > 냉장분식 > 냉장분식,,,315g,,,0,,,,,,,,,,0,0,,,,,CSV,"{""80"":75,""상품명"":""동원)그릴리초리조부어스트"",""규격"":""315g"",""바코드"":""8801047574262"",""공급사"":""동원(냉장)"",""매입가"":3600,""판매가"":4800,""특매그룹속성"":"""",""특매매입가"":0,""특매판매가"":0,""이익율"":25,""적립률"":0,""수수료"":0,""재고"":0,""재고액"":0,""최소재고"":0,""일매출량"":0,""박스입수"":0,""ABC"":"" D"",""대"":""일배"",""중"":""냉장분식"",""소"":""냉장분식"",""용량"":"""",""단위가격"":"""",""매입가변경일시"":""2024-08-06 13:08"",""판매가변경일시"":""2024-06-11 10:48"",""최근매입일시"":""2024-12-09 14:00"",""최근실사일시"":"""",""등록일시"":""2023-04-03 22:18"",""수정일시"":""2024-12-09 14:05"",""상품설명"":"""",""원산지"":"""",""매대"":0}",1
8801047574354,EAN13,,일배 > 육가공 > 햄,동원)통그릴비엔나,동원)통그릴비엔나,,,동원)통그릴비엔나,,,동원(냉장),,동원)통그릴비엔나,동원,,동원(냉장),일배 > 육가공 > 햄,,,320g,,,0,,,,,,,,,,0,0,,,,,CSV,"{""80"":76,""상품명"":""동원)통그릴비엔나"",""규격"":""320g"",""바코드"":""8801047574354"",""공급사"":""동원(냉장)"",""매입가"":3984,""판매가"":4900,""특매그룹속성"":"""",""특매매입가"":0,""특매판매가"":0,""이익율"":18.69,""적립률"":0,""수수료"":0,""재고"":0,""재고액"":0,""최소재고"":0,""일매출량"":0,""박스입수"":0,""ABC"":"" D"",""대"":""일배"",""중"":""육가공"",""소"":""햄"",""용량"":"""",""단위가격"":"""",""매입가변경일시"":""2025-11-10 17:10"",""판매가변경일시"":""2025-11-10 17:10"",""최근매입일시"":""2025-11-10 17:07"",""최근실사일시"":"""",""등록일시"":""2023-02-28 13:48"",""수정일시"":""2025-11-10 17:10"",""상품설명"":"""",""원산지"":"""",""매대"":0}",1
8801047576457,EAN13,,일배 > 육가공 > 햄,동원)숯불구이김밥햄,동원)숯불구이김밥햄,,,동원)숯불구이김밥햄,,,동원(냉장),,동원)숯불구이김밥햄,동원,,동원(냉장),일배 > 육가공 > 햄,,,120g,,,0,,,,,,,,,,0,0,,,,,CSV,"{""80"":77,""상품명"":""동원)숯불구이김밥햄"",""규격"":""120g"",""바코드"":""8801047576457"",""공급사"":""동원(냉장)"",""매입가"":1344,""판매가"":1650,""특매그룹속성"":"""",""특매매입가"":0,""특매판매가"":0,""이익율"":18.55,""적립률"":0,""수수료"":0,""재고"":0,""재고액"":0,""최소재고"":0,""일매출량"":0,""박스입수"":0,""ABC"":"" D"",""대"":""일배"",""중"":""육가공"",""소"":""햄"",""용량"":"""",""단위가격"":"""",""매입가변경일시"":""2025-03-25 17:12"",""판매가변경일시"":""2025-03-25 17:12"",""최근매입일시"":""2025-07-30 14:28"",""최근실사일시"":"""",""등록일시"":""2022-01-07 11:55"",""수정일시"":""2025-03-25 17:12"",""상품설명"":"""",""원산지"":"""",""매대"":0}",1
8801047577041,EAN13,,일배 > 육가공 > 햄,동원)와인마늘햄,동원)와인마늘햄,,,동원)와인마늘햄,,,동원(냉장),,동원)와인마늘햄,동원,,동원(냉장),일배 > 육가공 > 햄,,,130g,,,0,,,,,,,,,,0,0,,,,,CSV,"{""80"":78,""상품명"":""동원)와인마늘햄"",""규격"":""130g"",""바코드"":""8801047577041"",""공급사"":""동원(냉장)"",""매입가"":1344,""판매가"":1650,""특매그룹속성"":"""",""특매매입가"":0,""특매판매가"":0,""이익율"":18.55,""적립률"":0,""수수료"":0,""재고"":1,""재고액"":1344,""최소재고"":0,""일매출량"":0,""박스입수"":0,""ABC"":"" D"",""대"":""일배"",""중"":""육가공"",""소"":""햄"",""용량"":"""",""단위가격"":"""",""매입가변경일시"":""2025-03-19 10:04"",""판매가변경일시"":""2025-03-19 10:04"",""최근매입일시"":""2025-11-10 17:07"",""최근실사일시"":"""",""등록일시"":""2022-01-07 11:55"",""수정일시"":""2025-03-19 10:04"",""상품설명"":"""",""원산지"":"""",""매대"":0}",1
8801047577508,EAN13,,일배 > 냉장분식 > 냉장분식,동원)델립불고기비엔나,동원)델립불고기비엔나,,,동원)델립불고기비엔나,,,동원(냉장),,동원)델립불고기비엔나,동원,,동원(냉장),일배 > 냉장분식 > 냉장분식,,,110g,,,0,,,,,,,,,,0,0,,,,,CSV,"{""80"":79,""상품명"":""동원)델립불고기비엔나"",""규격"":""110g"",""바코드"":""8801047577508"",""공급사"":""동원(냉장)"",""매입가"":1180,""판매가"":1500,""특매그룹속성"":"""",""특매매입가"":0,""특매판매가"":0,""이익율"":21.33,""적립률"":0,""수수료"":0,""재고"":0,""재고액"":0,""최소재고"":0,""일매출량"":0,""박스입수"":0,""ABC"":"" D"",""대"":""일배"",""중"":""냉장분식"",""소"":""냉장분식"",""용량"":"""",""단위가격"":"""",""매입가변경일시"":""2025-07-09 16:50"",""판매가변경일시"":""2025-07-09 16:50"",""최근매입일시"":""2025-11-10 17:07"",""최근실사일시"":"""",""등록일시"":""2022-01-07 11:55"",""수정일시"":""2025-07-09 16:50"",""상품설명"":"""",""원산지"":"""",""매대"":0}",1
8801047578253,EAN13,,일배 > 육가공 > 햄,동원)통그릴두툼김밥햄,동원)통그릴두툼김밥햄,,,동원)통그릴두툼김밥햄,,,동원(냉장),,동원)통그릴두툼김밥햄,동원,,동원(냉장),일배 > 육가공 > 햄,,,300g,,,0,,,,,,,,,,0,0,,,,,CSV,"{""80"":80,""상품명"":""동원)통그릴두툼김밥햄"",""규격"":""300g"",""바코드"":""8801047578253"",""공급사"":""동원(냉장)"",""매입가"":3984,""판매가"":4900,""특매그룹속성"":"""",""특매매입가"":0,""특매판매가"":0,""이익율"":18.69,""적립률"":0,""수수료"":0,""재고"":0,""재고액"":0,""최소재고"":0,""일매출량"":0,""박스입수"":0,""ABC"":"" D"",""대"":""일배"",""중"":""육가공"",""소"":""햄"",""용량"":"""",""단위가격"":"""",""매입가변경일시"":""2025-03-25 17:10"",""판매가변경일시"":""2025-03-25 17:10"",""최근매입일시"":""2025-05-07 15:12"",""최근실사일시"":"""",""등록일시"":""2023-02-28 13:49"",""수정일시"":""2025-03-25 17:10"",""상품설명"":"""",""원산지"":"""",""매대"":0}",1
